,가게이름,전화번호,카테고리,주소,운영시간,홈페이지,메뉴,블로그리뷰수
0,어니언 성수,070-4353-3238,카페/디저트, 아차산로9길 8 어니언,평일 08:00~22:00 last order 21:30 | 주말 10:00~22:00 last order 21:30,http://onionkr.com,"에스프레소 4,300 | 에스프레소 콘파냐 4,800 | 아메리카노 5,000 | 플랫 화이트 5,500 | 카페 라떼 5,500 | 카푸치노 5,500 | 바닐라 라떼 6,000 | 카페 모카 6,800 | 어니언 아인슈페너 6,500 | 딸기 요거트 6,500 | 초콜렛 라떼 6,800 | 밀크티 6,500 | 패션후르츠 에이드 6,500 | 로즈 에이드 6,500 | 제주 당근 주스 6,300 | 꽃차 6,500 | 패션후르츠 티 6,500 | 로즈 티 6,500 | 어니언 크림 카푸치노 6,500 | 비건 밀크티 6,500 | 차이 밀크티 7,000",4347
1,소문난성수감자탕,02-465-6580,한식, 연무장길 45,매일 00:00~24:00 연중무휴,,"감자국식사 9,000 | 감자탕 (소) 26,000 | 감자탕 (중) 30,000 | 감자탕 (대) 40,000 | 뼈추가 10,000 | 포장 (1인분) 11,000 | 포장 대 40,000",2267
2,소바식당,02-6339-1552,일식, 연무장7가길 6,매일 11:00~21:00 Break time 15:00~17:00,https://www.instagram.com/sobasikdang/,"전복,단새우 냉소바 13,000 | 단새우 냉소바 11,000 | 전복 냉소바 12,000 | 한우양지온면(특) 12,000 | 성게알덮밥(中) 18,000 | 연어덮밥 9,000 | 백명란덮밥 9,000 | 모듬고로케 9,000 | 타마고멘치카츠 9,000 | 게딱지장 덮밥 8,000 | 왕새우튀김 6,000",1587
3,orer,02-462-0018,카페/디저트, 연무장길 18,매일 10:00~21:00 야외 테라스 10:00-20:00,http://www.instagram.com/or.er/,"아메리카노 5,500 | 오르그레이 7,500 | 포씨캐롯 7,500 | 더레이어케이크 7,500 | 캬바레케이크 7,500 | 카페라떼 6,000 | 플렛화이트 5,500 | 밀크티 7,000 | 메도우/카페인프리 7,000 | 에스프레소 5,500 | 롱블랙 5,500 | 카푸치노 6,000 | 콜드브루 6,000 | 카페모카 6,500 | 바닐라라떼 6,500 | 브루잉커피 6,500 | 아몬드커피 6,000 | 크림아몬드초콜렛 7,000 | 말차라떼 7,000 | 프레쉬 주스 7,000 | 레몬에이드 7,000 | 시트러스베리 에이드 7,000 | 로열블랜드 7,000 | 얼그레이 7,000 | 애플티 7,000 | 스트로베리티 7,000 | 페퍼민트/카페인프리 7,000 | 레드렉타/카페인프리 7,000 | 산펠레그리노 탄산수 5,000",1464
4,성수족발,02-464-0425,한식, 아차산로7길 7 동진빌딩 1층 성수족발,매일 12:00~22:00 명절 휴무,http://blog.naver.com/ssjb1983,"족발 (특대) 50,000 | 족발 (대) 45,000 | 족발 (중) 40,000 | 소주 4,000 | 맥주 5,000 | 클라우드 드래프트 5,000 | 막걸리 3,000 | 청하 5,000 | 백세주 8,000 | 음료수 2,000 | 공기밥 1,000",1431
5,라화쿵부 건대점,02-462-7778,중식, 아차산로30길 42 1~2층,매일 08:00~21:00 (배달은 23시 45분까지),https://rahuakongbu.modoo.at/,"마라탕 100g(5000원부터) 1,650 | 마라샹궈 100g 3,000 | 매운가재볶음 30,000 | 소고기야채쌀국수 8,000 | 완자야채쌀국수 8,000 | 양고기야채쌀국수 8,000 | 야채쌀국수 8,000 | 해물쌀국수 10,000 | 볶음면 8,000 | 볶음밥 7,000 | 훈둔 6,000 | 고기만두 7,000",1319
6,페스타마레 건대본점,02-497-9982,양식, 동일로20길 114 2층 페스타마레,매일 11:30~21:30 연중무휴,http://www.페스타마레.com/,"알리오올리오 8,000 | 크림감자뇨끼 11,000 | 갈릭스테이크 23,500 | 바바큐삼겹스테이크 15,500 | 루꼴라&삼겹스테이크 15,500 | 빠네 크랩 12,500 | 빠네 포르마지오 12,500 | 빠네로제씨푸드 12,500 | 봉골레 비앙코 9,000 | 마레 올리오 10,000 | 아라비아따 8,500 | 쉬림프 로제 9,500 | 쥬빠빠쉐 10,000 | 스위트 토마토 7,500 | 봉골레루소 9,000 | 후레쉬 모짜렐라 9,000 | 페스타마레 10,000 | 삼겹살토마토스튜 9,000 | 고르곤졸라&스테이크 스파게티 12,500 | 까르보나라 8,000 | 새우크림 9,500 | 핫치킨크림 8,000 | 크랩 9,500 | 로제스테이크 12,500 | 갈릭 포테이트 13,500 | 케이준 치킨텐더 13,500 | 고구마 13,500 | 리코타치즈 피자 14,000 | 디아볼라/페페로니크림/마르게리따/풍기 피자 13,000 | 고르곤졸라 피자 11,000 | 데리삼겹 철판 라이스 8,000 | 치킨 데리야끼 그라탕 9,000 | 아라비아따 그라탕 9,000 | 라자냐 11,000 | 부라타치즈피자 16,500 | 부라타포모도로 12,500 | 라비올리&리가토니 11,000 | 라구리가토니 10,000",1302
7,마를리,02-467-0303,카페/디저트, 연무장길 47 홍원빌딩,매일 09:00~23:00,http://www.instagram.com/marly.official_,"아메리카노 4,500 | 카페라떼 5,500 | 더치커피 5,500 | 흑임자라떼 6,000 | 리얼초코렛 6,000 | 아보카도 사과주스 7,000 | 플레인스콘 3,000",1268
8,명봉반점,02-498-8808,중식, 뚝섬로31길 59,매일 12:00~02:00 연중무휴,,"양꼬치 15,000 | 양삼겹살꼬치 16,000 | 양갈비살꼬치 18,000 | 양고급갈비300g 28,000 | 유린기 16,000 | 탕수육 16,000 | 가지볶음 15,000 | 크림중새우 16,000 | 깐쇼중새우 16,000 | 마라탕 10,000 | 양쪽갈비 25,000 | 돼지염통 14,000 | 혈관 14,000 | 닭똥집 14,000 | 오돌뼈 14,000 | 양깃머리 22,000 | 소고기꼬치 18,000 | 향라대하 20,000 | 바지락볶음 20,000 | 마늘닭강정 16,000 | 깐쇼새우 16,000 | 깐풍기 16,000 | 청경채새우살 15,000 | 경장육슬 16,000 | 어향육슬 15,000 | 토마토계란 15,000 | 소양볶음 15,000 | 지삼선 15,000 | 청경채돼지고기 16,000 | 누룽지탕 13,000 | 마파두부 12,000 | 부추계란 14,000 | 건두부볶음 12,000 | 마라룽샤 38,000 | 양고기만두 7,000 | 온면 7,000 | 냉면 7,000 | 꽃빵 7,000 | 계란볶음밥 7,000",1104
9,고향양꼬치,02-498-3618,중식, 동일로18길 101,평일 11:30~01:00 | 일요일 11:30~24:00,https://www.instagram.com/sheepkkochi/,"양꼬치  14,000 | 양갈비살  17,000 | 꿔바오러우 13,000 | 고향고급양갈비 300g 25,000 | 가지튀김 12,000 | 마라두부 10,000 | 마라룽샤 38,000",1102
10,해룡마라룽샤 건대점,02-462-4009,중식, 동일로18길 36 도시엔 1층,매일 12:00~24:00 마감: 23:50분,,"2인분 세트(룽샤or매운새우+꿔바로우+볶음밥+음료수1) 49,000 | 3인분 세트(룽샤or매운새우+꿔바로우+토마토계란볶음+마라탕+볶음밥+음료수1) 69,000 | 4인분 세트(룽샤or매운새우+매운바지락+꿔바로우+마라탕+볶음밥+맥주1+음료수1) 79,000 | 6인분 세트(룽샤+매운새우+매운바지락+꿔바로우+마라탕+볶음밥2+맥주1+음료수1) 109,000 | 룽샤(마라룽샤·쨩샹룽샤) 35,000 | 매운 새우 32,000 | 매운 꽃게 30,000 | 생선구이 38,000 | 향라새우 18,000 | 꿔바로우 15,000 | 경장육사 15,000 | 향라육사 15,000 | 어향육사 15,000 | 매운천엽볶음 15,000 | 쯔란혈관 15,000 | 라조육 15,000 | 쯔란양고기 18,000 | 매운바지락 18,000 | 해물누룽지탕 15,000 | 수주육편 16,000 | 마라샹궈 28,000 | 매운갈비 18,000 | 마라탕 8,000 | 삼겹살볶음 18,000 | 가지볶음 12,000 | 토마토계란볶음 12,000 | 지삼선 120,000 | 쯔란감자 8,000 | 마파두부 8,000 | 건두부볶음 8,000 | 부추계란볶음 10,000 | 감자채볶음 8,000 | 토마토계란탕 8,000",967
11,매운향솥 마라탕 마라샹궈,02-6461-0016,중식, 동일로18길 61 매운향솥,매일 11:30~23:30 연중무휴,http://youtu.be/gMnLMBdkTjg,"홍소퓨전해물볶음 15,000 | 농가고기볶음 12,000 | 마늘오징어머리 12,000 | 깐풍기 12,000 | 라조기 12,000 | 향라육사 12,000 | 경장육사 12,000 | 어향육사 12,000 | 천향돼지고기볶음 12,000 | 깐밴육사 12,000 | 향라감자볶음 12,000 | 홍소갈비 11,000 | 크림새우 11,000 | 깐풍새우 11,000 | 청경채새우볶음 11,000 | 바지락볶음 11,000 | 퓨전두부요리 10,000 | 백김치당면볶음 10,000 | 지삼선 9,000 | 토마토계란볶음 9,000 | 마파두부 7,000 | 건두부볶음 7,000 | 오이소고기무침 12,000 | 파단두부 10,000 | 가정식냉채 7,000 | 오이양장피 7,000 | 오이무침 7,000 | 해물두부탕 9,000 | 토마토계란탕 6,000 | 쏸라탕 6,000 | 해물볶음면 7,000 | 볶음면 6,000 | 온면 6,000 | 가지볶음밥 6,000 | 계란볶음밥 5,000 | 냉면 5,000 | 물만두 5,000 | 꿔바로우 11,000",964
12,라구뜨,02-2218-5770,기타, 능동로 90 더클래식500 B동 3층,평일 07:00~21:30 | 토요일 07:00~21:30 | 일요일 07:00~21:00 | 공휴일 07:00~21:00,http://www.pentaz.co.kr/restaurant/lagoutte.do,"주중/주말 아침뷔페(07:00~10:00) 성인 25,000 | 주중 점심 뷔페(12:00~14:30) 성인 55,000 | 주중 저녁 뷔페(18:00~21:30) 성인 67,000 | 주말·공휴일 뷔페 성인 72,000 | 라구뜨 홈파티 박스 A세트 160,000 | 라구뜨 홈파티 박스 B세트 160,000 | 라구뜨 홈파티 박스 키즈세트 120,000",938
13,르프리크,02-2054-0119,양식, 연무장5길 9-16 블루스톤타워 B103,매일 11:30~21:00 BREAK TIME (15:00~17:30) / 런치 11:30~15:00 (라스트오더 14:30) / 디너 17:30~21:00 (라스트오더 20:30),,"시그니처버거 10,800",881
14,탐광,070-8869-3333,일식, 연무장5가길 26,"매일 11:30~21:00 15시~17시 쉬는시간/20시30분 마지막주문/예약불가/신정, 설당일&전날, 추석당일&전날 휴무",,"가츠동 9,000",857
15,이오로비스트로,02-498-0702,기타, 연무장5길 18 1층,"매일 11:00~21:30 브레이크타임 15:00-17:00/ 라스트오더 20:30/금,토,일 및 공휴일 예약불가",https://www.instagram.com/ioro._.official,"매콤명란파스타 13,900 | 명란새우크림파스타 13,900 | 야끼대창파스타 13,900 | 바질페스토새우 파스타 14,900 | 참치노리마끼 14,900 | 이오로 모듬 스시락 19,900 | 부타규동 10,900 | 김치대창필라프 11,900 | 타마고야끼만두 6,500 | 타마고산도 7,500 | 연어대왕초밥 8,500 | 문어튀김과 감자튀김 12,900 | 특사케동 13,900 | 연어우니동 17,900 | 참치우니동 18,900 | 우니추가 9,000 | 참치노리마끼1/2 8,500",850
16,글로우,070-5097-5506,카페, 아차산로9길 20 1층,"평일 09:00~22:00 신정, 구정, 추석 당일 휴무 | 주말 10:00~22:00",https://www.instagram.com/4fbhouse/,"루나바닐라 5,500 | 아메리카노 4,500 | 아인슈페너 6,000 | 버터스카치 5,500 | 시나모니 5,500 | 뽀또라떼 5,500 | 단호박크림라떼 5,500 | 바닐라까눌레 2,500 | 얼그레이무화과케이크 4,800 | 당근케이크 5,500 | 애플피칸케이크 5,800 | 플레인스콘 3,500 | 말차스콘 4,000 | 앙버터스콘 4,500 | 라임모히또에이드 6,500 | 청포도주스 6,500 | 자몽주수 6,500 | 초코라떼 5,500 | 녹차라떼 5,500",837
17,성수명당,070-8833-3227,펍, 연무장19길 10 1층,화요일 17:00~02:00 | 수요일 17:00~02:00 | 목요일 17:00~02:00 | 금요일 17:00~02:00 | 토요일 17:00~02:00 | 일요일 17:00~02:00,http://www.instagram.com/seongsu_myeongdang,"더오프라인샵 스테이크 43,000 | 생참치연어 김밥 23,000 | 고등어 봉초밥 19,000 | 생연어 사시미 33,000 | 대왕연어초밥 21,000 | 베이컨라구파스타 21,000 | 명당로제떡볶이 23,000 | 국내산 통삼겹 김치찜 22,000 | 차돌박이 우동 23,000 | 바지락 미나리전 22,000 | 멜론과 프로슈토 14,000",832
18,텅플래닛 성수,02-498-1113,카페/디저트, 성수이로 82 2층,매일 13:00~21:00 10월 12일을 휴무일입니다.,http://www.tongueplanet.com/,"텅 시그니처 8,000 | 텅 아메리카노 5,500 | 텅 이모지케이크 12,000 | 텅 쿠키 3,000 | 텅 라떼 6,000 | 텅 자몽 에이드 7,000 | 패션후르츠 에이드 7,000 | 텅 커피 블렌디드 8,000 | 텅 요거트 블렌디드 7,500 | 텅 베리 블렌디드 7,500 | 텅 레이어드 케이크 13,000 | 텅 팝파이 9,000 | 텅 콤마 7,000 | 텅 쿼트 7,000 | 텅 피리어드 7,000 | 텅 스톤초코무스 14,000 | 텅 치즈케이크 12,000",824
19,경성양육관,02-467-6880,중식, 동일로18길 52,매일 11:00~12:00 연중무휴,,"양꼬치 14,000 | 꿔바오루 16,000 | 크림새우 18,000 | 가지튀김 15,000 | 고급양갈비 27,000 | 양갈비살꼬치 18,000 | 양목살꼬치 18,000 | 양힘줄꼬치 17,000 | 마라갈비꼬치 16,000 | 소갈비꼬치 16,000 | 양깃머리 20,000 | 소염통줄기 14,000 | 소떡심 14,000 | 메추리 12,000 | 왕새우 17,000 | 마라탕 10,000 | 향라육사 17,000 | 어향육사 17,000 | 마라소고기채 20,000 | 소고기고추볶음 20,000 | 매운양깃머리볶음 22,000 | 마파두부 12,000 | 계란토마토볶음 15,000 | 지삼선 15,000 | 어향가지볶음 15,000 | 쯔란염통줄기 16,000 | 향라대하 18,000 | 칠리새우 18,000 | 송화단두부무침 12,000 | 오이무침 12,000 | 새우청경채볶음 17,000 | 닭똥찝 14,000",761
20,아트몬스터 성수점,02-465-6110,펍, 성수일로8길 16 2호선 성수역 1번 출구에서 도보 3분 소요됩니다.,평일 17:00~00:00 | 토요일 15:00~00:00 | 일요일 15:00~23:00 | 공휴일 15:00~23:00,https://blog.naver.com/artmonsterbrewery,"청담동 며느리 5,500 | 몽크푸드 5,500 | 이태원 프리덤 5,500 | 넘사벽 7,000 | 핵존심 6,500 | 운짱 5,500 | 첫사랑의 향기 5,500 | 창세기 7,000 | 수다스폰서 6,000 | 사랑범벅 6,000 | 맥주 샘플러 5종류 (220ml) 17,000 | 프라이드 치킨 16,000 | 옛날 양념 치킨 (NEW) 17,000 | 매운 간장 치킨 17,000 | 바베큐 핫 치킨 17,000 | 반반 치킨 17,000 | 순살 옛날 양념 치킨 (NEW) 17,000 | 순살 매운 간장 치킨 (BEST) 17,000 | 순살 바베큐 핫 치킨 17,000 | 순살 청양마요 치킨 17,000 | 순살 로제크림 치킨 (인기) 19,000 | 순살 치킨 떡볶이 (인기) 15,000 | JMT 로제 떡볶이 순살 치킨 (NEW) 17,000 | 피자 아몽 (BEST) 14,000 | 반반 감자&고구마 피자 14,000 | 더블 치즈 페페로니 피자 (인기) 14,000 | 청양 페페로니 피자 (인기) 14,000 | 트러플 고르곤졸라 피자 14,000 | 세븐 치즈 피자 15,000 | 베이컨 하와이언 피자 14,000 | 바베큐 핫치킨 피자 16,000 | 반반피자 16,000",747
21,매화반점,02-462-1939,중식, 동일로18길 96,매일 13:00~00:00 매주 화요일 휴무,,"양꼬치 (1인분 10꼬치) 14,000 | 중국식 탕수육 12,000 | 가지볶음 10,000 | 크림새우 15,000 | 양갈비(프렌치램랙) 18,000",746
22,&meal,070-8888-0919,기타, 연무장3길 5-1 3층,매일 11:00~20:00 라스트오더 19:00,http://instagram.com/andmeal_sy,"바질크림고구마 10,000 | 무화괌말랭이 10,500 | 청양애플브리바게트 10,500 | 새우에그샌드위치 9,000 | 꼬꼬아보파니니 11,000 | 바질닭가슴살샐러드 11,500",728
23,송화양꼬치,02-462-7826,중식, 동일로18길 70,매일 11:00~02:00,http://songhwa.7x7.kr,"오리지널양꼬치(10꼬치) 15,000 | 송화양꼬치(10꼬치) 13,000 | 양갈비살(10꼬치) 15,000 | 소꼬치(10꼬치) 15,000 | 고급양갈비(300g) 25,000 | 꿔보러우 10,000 | 가지튀김 10,000 | 닭똥집(10꼬치) 13,000 | 새우(8개) 13,000 | 돼지심장(10꼬치) 13,000 | 소떡심(10꼬치) 13,000 | 닭날개(6개) 13,000 | 어향육슬 15,000 | 향라육슬 15,000 | 경장육 15,000 | 어향가지 15,000 | 돼지고기튀김 15,000 | 지삼선 15,000 | 수주육편 18,000 | 마라닭날개 15,000 | 라즈지 15,000 | 고구마맛탕 15,000 | 단콩볶음 15,000 | 백김치당면 15,000 | 감자볶음 10,000 | 파소라무침 25,000 | 삼선누룽지탕 15,000 | 삼선가지튀김 18,000 | 아스파라거스새우볶음 18,000 | 유린 18,000 | 우유대하 18,000 | 칠리새우 18,000 | 새우살튀김 18,000 | 홍소우리위 28,000 | 소배필수육 18,000 | 마늘청경채 10,000 | 새우살청경채 15,000 | 청경채표고버섯 15,000 | 부추계란볶음 10,000 | 토마토계란볶음 10,000 | 철판소고기 20,000 | 철판명란 20,000 | 번데기볶음 18,000 | 매운소양볶음 15,000 | 개구리다리튀김 18,000 | 쯔란양고기 15,000 | 마라대하 18,000 | 매콤바지락 15,000 | 마라쪽갈비 18,000 | 깐풍기 18,000",720
24,도렐 성수점,02-516-3675,카페, 연무장7길 11 1층 도렐 성수점,평일 08:00~21:00 | 공휴일 11:00~21:00,http://www.instagram.com/dorrell_coffee,"블랙치스톤 4,500 | 그라데이슈 4,800 | 성수동못난이(베이컨) 5,500 | 성수동못난이(초코) 4,500 | 캐그 4,500 | 얼그레이파운드 3,600 | 레몬파운드 3,600 | 르뱅쿠키(화이트) 3,800 | 르뱅쿠키(다크) 3,800 | 르뱅쿠키(밀크) 3,800 | 까눌레 2,900 | 캐그 4,500 | 너티클라우드 6,500",700
25,Scene,02-468-2122,카페/디저트, 연무장5길 20,매일 10:00~22:00,http://www.sceneseoul.com,"에스프레소 5,000 | 아메리카노 5,000 | 라떼 6,000 | 오렌지 에이드 7,000 | 레몬 얼그레이 아이스티 8,000",695
26,에르제 성수,02-469-7012,카페/디저트, 아차산로 135 1층,평일 08:00~19:00 재료소진시 조기마감!! | 공휴일 10:00~19:00 재료소진시 조기마감!! | 주말 10:00~19:00 재료소진시 조기마감!!,http://instagram.com/herge.shop,"잠봉뵈르 샌드위치 7,500 | 크로플 4,000 | 크로와상 3,800 | 커스터드 크림 크로와상 5,200 | 인절미 크로와상 5,200 | 플레인 깜빠뉴 6,000 | 곡물 깜빠뉴 6,800 | 호두&크랜베리 깜빠뉴 7,000 | 초코다미아 깜빠뉴 7,500 | 무화과 깜빠뉴 7,800 | 무화과 호밀빵 8,500 | 바게트 3,800 | 올리브 치아바타 4,500 | 치즈 치아바타 4,800 | 플레인 피낭시에 2,800 | 코코넛 피낭시에 3,200 | 발로나초코 피낭시에 3,400 | 트러플 솔트 피낭시에 4,000",660
27,쿵푸소룽샤&마라룽샤,02-463-8898,중식, 동일로18길 37 1층,매일 11:30~23:30,http://024638898.tshome.co.kr/,"마라룽샤 32,000 | 마라샹궈 25,000 | 마라카오위 38,000 | 마라탕 10,000 | 매운라조기 15,000 | 가재새우세트 35,000 | 마라새우 32,000 | 마라룽샤해산물모듬 大 68,000 | 마라룽샤해산물모듬 中 48,000 | 크림새우 18,000 | 사천식육편 18,000 | Set1(마라룽샤+꿔바로우+계란볶음밥+면사리or음료) 49,000 | Set2(마라새우+꿔바로우+계란볶음밥+면사리or음료) 49,000 | Set3(마늘룽샤+꿔바로우+계란볶음밥+면사리or음료) 52,000 | Set4(특가재+꿔바로우+계란볶음밥+면사리or음료) 52,000 | Set5(가재 새우 반반+꿔바로우+계란볶음밥+면사리or음료) 52,000",649
28,kuna,010-5959-1028,양식, 연무장5길 9-16 105호,월요일 휴무 | 평일 12:00~22:00 | 토요일 12:00~22:00 | 일요일 12:00~20:00 | 매일 15:00~17:00 Break Time,http://www.instagram.com/chefkuna,"바질페스토 파스타 19,000 | 포르치니와 4가지 버섯 베이컨 크림 뇨끼 19,000 | 부라타 16,000 | 그라브락스 리코타 18,000 | 크리스피하게 구운 문어 23,000 | 가지 라자냐 21,000 | 가지 튀김 12,000 | 이탈리안식 멘보샤 13,000 | 파스닙 퓨레 깔라마리 먹물 뇨끼 24,000 | 화이트 라구 21,000 | 전복 리소토 23,000",640
29,전자방,02-420-1193,중식, 성수일로12길 23 1층,평일 11:00~14:00 | 평일 17:00~21:30 | 주말 12:00~21:00 공휴일 포함 | 월요일 휴무,,"레몬크림새우 20,000 | 양장피 24,000 | 베리베리탕수육 18,000 | 마라감바스&계란볶음밥 30,000 | 유산슬 24,000",636
30,카페온화 성수,02-461-0031,카페/디저트, 아차산로 78 1층,매일 11:00~21:00 라스트오더 20:00,http://www.instagram.com/onhwa_cafe,"벌집수플레 20,000 | 플레인수플레 16,000 | 딸기수플레 19,000 | 만다린수플레 18,000 | 핸드드립 온 5,900 | 핸드드립 화 5,900 | 싱글오리진 7,000 | 아메리카노 5,900 | 카페라떼 6,500 | 오레그랏세 6,500 | 아인슈페너 7,500 | 밀크티 7,500",622
31,미도인 성수,02-465-1995,양식, 연무장7가길 3 1층,"평일 11:15~21:00 점심 라스트 오더 14:50 저녁라스트 오더 20:30, 브레이크타임 평일 15:00~17:00 저녁 라스트 오더 20:30 | 주말 11:30~21:00 브레이크타임 없음 저녁 라스트 오더 20:30",,"미도인 등심 스테이크 13,800 | 미도인 스테이크 덮밥 9,800 | 400 등심 스테이크 덮밥(한정메뉴) 14,700 | 미도인 구첩 반상(한정메뉴) 15,900 | 가정식 대창 구첩 반상(오후한정메뉴) 15,900 | 미도인 가정식 스테이크 12,800 | 트리플 스테이크 14,800 | 대창 가정식 스테이크 16,800 | 곱창 가정식 스테이크(한정메뉴) 17,800 | 화산 불백 덮밥 9,300 | 곱창 대창 덮밥(한정메뉴) 14,800 | 큐브 스테이크 덮밥 10,900 | 대창 덮밥 12,500 | 곱창대창 큐브스테이크 덮밥(한정메뉴) 16,800 | 대창 큐브 스테이크 덮밥(대큐) 13,800 | 명란 크림 파스타 12,800 | 새우 로제 생면 파스타 13,800 | 바질크림 새우파스타 14,800 | 청두 사천 탄탄멘 8,800 | 미도인 곱창 라멘(한정메뉴) 12,800 | 미도인 우실장 떡볶이 8,800 | 미도인 곱창 떡볶이 (한정메뉴) 13,900 | 미도인 스카치 에그 (한정메뉴) 4,800 | 마리네이드 토마토 사라다 6,500 | 음료/주류 변동가격(업주문의)",610
32,카페 포제,070-8830-5994,카페/디저트, 연무장9길 7,토요일 11:00~21:00 Last Order 20:30 | 일요일 11:00~21:00 Last Order 20:30 | 월요일 11:00~20:30 Last Order 20:00 | 화요일 11:00~20:30 Last Order 20:00 | 수요일 11:00~20:30 Last Order 20:00 | 목요일 11:00~20:30 Last Order 20:00 | 금요일 11:00~20:30 Last Order 20:00,http://www.instagram.com/cafe_poze,"Espresso 4,500 | Americano 5,000 | Latte 5,500 | Flat White 5,500 | Cold Brew Cream Coffee 6,000 | Orange Lemon Ade 6,500 | Brewing 7,000 | The Barn Berlin 250g Retails 27,000",599
33,미아논나,02-2054-0111,양식, 연무장5길 9-16 블루스톤타워 104호,평일 09:00~20:00 샌드위치는 10시부터 시작합니다. | 주말 10:00~19:00,http://instagram.com/mia.nonnaa,"후무스캐롯 12,000 | VERY 이탈리안 10,000 | 아메리카노 3,800",573
34,칙피스 성수점,02-2054-0248,양식, 연무장5길 9-16 블루스톤타워 1층 101호,매일 11:30~21:00 Last Order 8:30PM,https://www.chickpeace.co.kr,"비건 샐러드 (Vegan Salad) 11,500 | 치킨 샐러드 (Chicken Salad) 11,500 | 아보카도 샐러드 (Avocado Salad) 14,000 | 오믈렛 샐러드 (Omelette Salad) 14,000 | 그릴드쉬림프 샐러드 (Grilled Shrimp Salad) 15,000 | 램케밥 샐러드 (Lamb Kebab Salad) 15,000 | 연어스테이크 샐러드 (Salmon Steak Salad) 16,000 | 부채살스테이크 샐러드 (Flat Iron Steak Salad) 16,000 | 팔라펠 라이스 (Falafel Rice) 11,500 | 치킨 라이스 (Chicken Rice) 12,000 | 오믈렛 라이스 (Omelette Rice) 14,000 | 그릴드쉬림프 라이스 (Grilled Shrimp Rice) 15,000 | 램케밥 라이스 (Lamb Kebab Rice) 15,000 | 연어스테이크 라이스 (Salmon Steak Rice) 16,500 | 부채살스테이크 라이스 (Flat Iron Steak Rice) 16,500 | 비건 샥슈카 (Vegan Shakshuka) 13,000 | 치킨 샥슈카 (Chicken Shakshuka) 14,000 | 램 샥슈카 (Lamb Shakshuka) 14,000 | 쉬림프 샥슈카 (Shrimp Shakshuka) 14,000 | 감자튀김 (French Fries) 5,000 | 오리지널 허무스 (Original Hummus) 9,000",567
35,카페 노티드 성수,070-8834-9377,카페, 연무장길 29-17 1층,매일 11:00~20:00,http://instagram.com/cafeknotted,"소르베 3,500 | 라즈베리도넛 3,000 | 얼그레이도넛 3,000 | 누텔라도넛 3,500 | 클래식 바닐라도넛 3,000",565
36,로우키,02-2537-8493,카페/디저트," 연무장3길 6 1층, B1층",평일 11:00~21:00 | 토요일 12:00~21:00 | 일요일 13:00~18:00,https://smartstore.naver.com/lowkeycoffee,"에스프레소 4,500 | 아메리카노 4,500 | 카페라떼 4,500 | 바닐라라떼 5,000 | 카라멜라떼 5,500 | COLD BREW 5,000 | MARRON MILK 4,500 | PASSIONFRUIT ADE 6,000 | WINE AED 6,000 | CHOCOLATE DRINK 6,000",528
37,잠수교집 성수점,02-465-0434,고기집, 아차산로 137 1층 잠수교집,매일 11:30~23:00 연중무휴,,"생삼겹살 15,000 | 급랭삼겹살 14,000 | 청국장 8,500 | 얼큰순두부 8,500 | 맑은명란탕 13,000 | 명품명란쌈장 6,000 | 옛날깻잎국물떡볶이 9,000 | 볶음밥 5,000 | 미나리+꽈리+고사리세트 6,000",483
38,연옥양꼬치,02-461-9368,중식, 동일로18길 42 연옥양꼬치,매일 13:00~02:00,,"고급양갈비 25,000 | 양꼬치 13,000 | 양갈비살 15,000 | 매운뚜링 19,000 | 마라양꼬치 14,000 | 소갈비살 15,000 | 양진 11,000 | 탕수육 15,000 | 지삼선 12,000 | 계란토마토볶음 12,000 | 짝태볶음 15,000 | 건두부오이무침 10,000 | 소고기오이무침 15,000 | 뚜링무침 19,000 | 콩나물명태만남 14,000",472
39,원보양꼬치,02-467-7771,중식, 동일로18길 23,매일 12:00~03:00 연중무휴,,"양다리바베큐 60,000 | 양고급등갈비구이 16,000 | 양꼬치 13,000 | 마라룽샤 35,000 | 깐풍새우 15,000 | 매운양꼬치 13,000 | 꿔바로우 12,000 | 지삼선 12,000 | 소고기청경채볶음 13,000 | 어향가지 13,000 | 향라새우 16,000 | 오징어감자볶음 15,000 | 홍소소고기 16,000 | 마라탕 8,000 | 온면 5,000 | 즈란오돌뼈 15,000 | 꼴뚜기볶음 15,000 | 짝태볶음 15,000 | 소천엽볶음 15,000 | 곱창볶음 15,000 | 철판명란 15,000 | 철판오징어 15,000",471
40,레몬그라스,010-4459-7022,아시안식, 연무장길 41-26 1층,금요일 11:30~21:00 (Break 15:00-17:00) | 목요일 11:30~21:00 (Break 15:00-17:00) | 수요일 11:30~21:00 (Break 15:00-17:00) | 주말 12:00~21:30 (Break 15:00-17:00),http://www.instagram.com/lemongrass.seongsu,"Yum Som Rut 8,000 | Green Curry 14,000 | Shrimp Pad Thai 13,000 | Mango Sticky Rice 7,000 | Som Tam 9,000",465
41,봇봇봇,02-499-9219,카페/디저트, 아차산로9길 8,월요일 휴무 | 목요일 11:00~21:00 | 수요일 11:00~21:00 | 화요일 11:00~21:00 | 일요일 11:00~21:00 | 토요일 11:00~22:00 | 금요일 11:00~22:00,http://botbotbot.kr,"로맨슈페너 BOT 6,500 | 라임 모히또 BOT 9,000 | 아이스 아메리카노 4,500 | 트리플 치즈 크로와상 10,000",463
42,모리티아,02-460-8733,카페, 아차산로5길 10 1층 모리티아,금요일 08:00~21:00 | 목요일 08:00~21:00 | 수요일 08:00~21:00 | 화요일 08:00~21:00 | 월요일 08:00~21:00 | 공휴일 09:30~19:00 | 토요일 09:30~19:00 | 일요일 휴무,http://instagram.com/mauritia_coffee,"바닐라빈라떼 5,300 | 로얄밀크티 5,000 | 딸기요모리치노 5,800 | 모리쿠키 4,000 | 모리라떼 6,000",462
43,프랑스포차,02-3144-9191,펍, 연무장5가길 20,매일 17:30~02:00 | 일요일 17:30~24:00,https://francepocha.modoo.at,"슈크르트 23,000 | 브이야베스 29,000 | 꼬꼬뱅 27,000 | 도피노아즈 18,000",461
44,송화산시도삭면 2호점,02-468-7826,중식, 아차산로30길 33,매일 12:00~24:00,,"새우아스파라거스 딤섬 9,000 | 삼색딤섬 8,000 | 군만두 딤섬 8,000 | 황금꽃빵 7,000 | 삼선춘권 10,000 | 도삭면 9,000 | 충유면 9,000 | 비빔면 9,000 | 야채볶음면 9,000 | 토마토계란면 9,000",460
45,권식족발 성수본점,02-465-8516,한식, 아차산로7길 4 1층,월요일 12:00~23:00 12시영업시작 | 금요일 12:00~23:00 12시영업시작 | 목요일 12:00~23:00 12시영업시작 | 수요일 12:00~23:00 12시영업시작 | 화요일 12:00~23:00 12시영업시작 | 토요일 13:00~23:00 오후1시영업시작 | 일요일 13:00~23:00 오후1시영업시작,http://blog.naver.com/20002345/,"반반왕족발 중 36,000 | 매운왕족발 중 35,000 | 영양왕족발 중 35,000 | 매운미니족발 26,000 | 영양미니족발 25,000 | 고소 주먹밥 3,000 | 촉촉 계란찜 4,000 | 뜨끈 오뎅탕 9,000 | 구수 누룽지 4,000 | 쫀득순대 6,000 | 매콤무뼈닭발 16,000",457
46,오우드,070-8844-0196,카페/디저트, 연무장길 101-1,매일 11:00~22:00,http://oude.kr,"Cream Chocolate 7,000 | Peanut Cream Latte 7,000 | 커스터드크림 크로넛 5,000 | 아메리카노 4,500 | 카페 라떼 5,000 | 당근 케이크 7,000 | 밀크티 6,000 | 당근케이크(홀케이크15cm) 28,000",443
47,타논55,02-467-1330,아시안식, 연무장5가길 7 현대테라스타워 1층 109호,매일 11:30~22:00 일요일 휴무 | 매일 15:00~17:00 브레이크 타임,,"태국쌀국수 8,000 | 느아뚠 쌀국수 9,500 | 똠양 쌀국수 9,500 | 카오소이 8,500 | 태국 쌀국수 & 카오팟 세트 9,500 | 뿌팟퐁 커리 덮밥 12,000 | 무텃 23,000 | 쁠라텃 13,000 | 스프링롤(6pcs) 6,000 | 팟타이 12,000 | 팟씨유센렉 9,500 | 태국식 돈까스 무텃 커리밥 12,000 | 카오팟 7,500 | 꿍팟퐁 커리 23,000 | 무까타 15,000 | 샤브샤브+삼겹살 15,000 | 샤브샤브+타논와규 20,000 | 샤브샤브+타논로스 20,000 | 샤브샤브+항정살 15,000 | 샤브샤브+소막창 15,000 | 샤브샤브+모듬해물 15,000 | 샤브샤브+타논목살 15,000 | 모듬야채추가 4,000 | 쌀국수면 추가 2,000 | 우동면 추가 2,000 | 카오팟꿍 7,500 | 팟카파오 푸쌉 9,500 | 얌운쎈 13,000 | 똠얌피자 16,000 | 텃판꿍 7,000",438
48,피어커피,02-474-1464,카페, 광나루로4가길 24 1층 피어커피,금요일 10:00~17:00 | 목요일 10:00~17:00 | 수요일 10:00~17:00 | 화요일 10:00~17:00 | 월요일 10:00~17:00 | 일요일 12:00~20:00 공휴일 12:00 ~ 20:00 | 토요일 12:00~20:00 공휴일 12:00 ~ 20:00,http://peercoffee.co.kr/,"에스프레소 5,000 | 아메리카노 4,500 | 브루잉커피 6,000",434
49,리틀포레스트,010-9616-6816,기타, 성수일로12길 23 2층,토요일 11:00~20:00 일요일은 정기휴무 | 금요일 11:00~20:00 일요일은 정기휴무 | 목요일 11:00~20:00 일요일은 정기휴무 | 수요일 11:00~20:00 일요일은 정기휴무 | 화요일 11:00~20:00 일요일은 정기휴무 | 월요일 11:00~20:00 일요일은 정기휴무,http://www.instagram.com/littleforest.iii,"아보카도타르틴 11,000 | 부라타샐러드 13,000 | 페스토치킨파니니 11,000 | 샐러드 파스타 12,000 | 그릭 요거트 6,500 | 샥슈카 13,000 | 당근라페샌드위치 9,500 | 당근라페&후무스플레이트 10,000 | 루바브주스 5,500 | 피그리코타샌드위치 9,500 | 브루잉커피 3,800",424
50,텐동식당,02-6339-0309,일식, 연무장5가길 20-1 1층,매일 11:00~21:00 Break time 15:00~17:00,http://www.instagram.com/tendongsikdang,"스페셜텐동 15,000 | 에비텐동 13,000 | 아나고텐동 12,000 | 이까 텐동 11,000 | 치킨 가라아게동 10,000 | 기본텐동 9,000 | 참깨 연두부 샐러드 2,000 | 모듬 덴뿌라(2人) 22,000 | 치킨가라아게(5p) 8,000 | 양파카레 3,000",421
51,신사소곱창 성수점,02-466-5047,고기집, 아차산로 90 이화장,매일 17:00~00:30 월-일,http://shinsaso.com/,"모듬곱창 20,900 | 소곱창 19,900 | 소대창 19,900 | 소막창 19,900 | 염통 11,000 | 볶음밥 3,000 | 간천엽 5,000 | 멸치국수 4,000 | 감자, 떡사리 3,000",417
52,루프,070-7740-2020,카페/디저트, 연무장5길 9-13 1층,매일 12:00~22:00,https://linktr.ee/looop.kr,"아메리카노 5,500 | 루프라떼 7,000 | 에스프레소 5,000 | 라떼 6,000 | 바닐라라떼 6,300 | 카라멜마키아토 6,500",413
53,굿갓레스토랑 성수역점,010-8691-6860,양식, 연무장길 41-22 2층 201호,평일 11:30~21:30 15:00~17:00 last order 20:50 | 토요일 11:30~21:30 브레이크타임 x last order 20:50 | 일요일 11:30~21:00 브레이크타임 x last order 20:30 | 공휴일 11:30~21:30 브레이크타임 x last order 20:50,,"이베리코 토마호크 (250g) 23,000 | 매콤 명란 오일 파스타 15,000 | 소고기크림 리조또 15,000 | 리코타 발사믹 그린 샐러드 8,000 | 등심,안심,양갈비 실속 모듬(300g) 36,000",409
54,에이투비,070-4617-0812,카페/디저트, 아차산로 135 2층,수요일 12:00~22:00 Last Order 21:00 | 화요일 12:00~22:00 Last Order 21:00 | 일요일 12:00~20:00 Last Order 19:00 | 월요일 12:00~20:00 Last Order 19:00 | 토요일 12:00~00:00 Last Order 23:00 | 금요일 12:00~00:00 Last Order 23:00 | 목요일 12:00~00:00 Last Order 23:00,https://atoblife.co.kr,"피곶치 9,000 | 클래식 티라미수 7,500 | 에이투비 커피 6,500 | 샷 말차 라떼 6,500 | 헌터라떼 6,500 | 허니카토 6,500 | 행오버 6,500 | today wine 변동가격(업주문의) | today whisky 변동가격(업주문의) | 위스카토 11,000",401
55,보이어,070-4866-5995,양식, 연무장길 14-2 1층,토요일 12:00~22:00 | 금요일 12:00~22:00 | 목요일 12:00~22:00 | 수요일 12:00~22:00 | 화요일 12:00~22:00 | 일요일 휴무 | 월요일 휴무 | 토요일 15:00~18:00 브레이크타임 | 금요일 15:00~18:00 브레이크타임 | 목요일 15:00~18:00 브레이크타임 | 수요일 15:00~18:00 브레이크타임 | 화요일 15:00~18:00 브레이크타임,http://www.instagram.com/boyer_seoul,"런치 세트 16,000 | 런치 알리올리오 16,000 | 런치 코코넛커리 16,000 | 런치 더치팬케이크 16,000 | 은대구파스타 24,000 | 어란파스타 23,000 | 스테이크 200g 44,000",401
56,송계옥 성수점,070-7782-9292,한식, 아차산로11길 11 1층 101-103호,평일 17:00~23:00 | 공휴일 16:00~23:00 | 주말 16:00~23:00,http://instagram.com/song.kye.ok,"모둠 대 42,000 | 송계옥 비빔면 8,000 | 봄나물 퉁퉁장 된장찌개 8,000 | 의성마늘볶음밥 5,500 | 야끼 오니기리 2,500",392
57,프롤라,010-4885-9616,카페/디저트, 연무장17길 5 1층,매일 11:00~21:00 | 월요일 휴무,http://www.instagram.com/frolla_seongsu,"Flat white 5,500 | 시그니처 크로스타타 7,000 | 훈제연어 와사비 샐러드 16,000 | 프로슈토 샐러드 15,000 | 트러플 파르마 13,000 | 아페롤 스프리츠 14,000 | 샤케라또 8,000 | 볼로냐 15,000 | 핑키햄 13,000 | 진하고 고소한 아이스라떼 5,500 | 라떼&멘타 민트아이스라떼 7,000",388
58,잇샐러드,070-8118-1751,기타, 성수일로8길 28 1층,매일 11:00~21:00,http://itsalad.co.kr/index.html#01,"TANDANJI 12,900 | ENERGIZER 13,900 | STRESS RELEASE 13,900 | RICE SALAD 11,900 | REFRESH 12,900 | CLASSIC CHICKEN CAESAR 11,900 | VEGAN LIFE 12,900 | FOURSEASONS (Spring) 12,900 | YANGYANG POKE 12,900",377
59,꿉당 성수점,02-465-6564,고기집, 성수이로20길 10 경협회관 104호,"평일 16:30~22:00 (영업시간제한 해제시 23:30), 라스트오더 21:30 (영업시간제한 해제시 22:30) | 주말 12:00~22:00 (영업시간제한 해제시 23:30), 라스트오더 21:30(영업시간제한 해제시 22:30)",,"목살 16,000 | 꿉살 18,000 | 럭키짱 고추장파스타 8,000 | 코쿠미쌀밥 3,000 | 삼겹살 16,000 | 가브리살 16,000 | 갈매기살 16,000",375
60,그리드채플린,02-6463-6200,펍, 아차산로7길 15-1 효정빌딩,평일 16:00~03:00 | 주말 16:00~01:00 | 공휴일 16:00~01:00 명절당일 휴무,http://www.gridchaplin.com,"그리드플래터 32,000 | 갈릭치킨 디아볼라 피자 17,500 | 빼쉐 15,000 | 치플레 샐러드 15,000 | 리코타샐러드 15,000 | 아메리카노 3,700 | 카페라떼 4,200 | 카푸치노 4,200 | 바닐라라떼 4,600 | 카페모카 4,600",371
61,더키더키,02-4993-3300,한식, 아차산로 82,평일 12:00~15:00 | 평일 17:00~22:00 | 주말 12:00~22:00 공휴일 포함,https://www.instagram.com/p/CZIhRbAPabF/?utm_medium=copy_link,"통오리 한마리 98,000 | 생오리 로스구이 (180g) 18,000 | 가마솥 오리탕 35,000 | 연탄 주물럭 18,000 | 부속 모듬 (230g) 23,000 | 부속 단품 - 목살 12,000 | 부속 단품 - 근위 12,000 | 부속 단품 - 염통 12,000 | 오리불백(고추장) - 점심특선 14,000 | 오리곰탕 - 점심특선 10,000 | 오리알 순두부 찌개 12,000 | 냉국수 10,000 | 구황작물 7,000 | 뚝도농원 복분자주 12,000 | 뚝도하이볼(레몬/복분자/매실) 10,000",370
62,이태리차차,02-465-8893,양식, 연무장길 14-5 이태리차차,평일 11:30~22:00 15:00~17:00 Break Time | 주말 12:00~22:00 16:00~17:00 Break Time | 매일 12:00~17:00 12:00~17:00 Coffee Only,,"디아볼라 23,000 | 문어리조또 24,000 | 트러플뇨끼 28,000 | 관자구이 22,000",368
63,청도양꼬치,02-499-8588,중식, 동일로18길 69,매일 11:30~02:00,,"양꼬치 14,000 | 양갈비살(소금 or 양념) 16,000 | 양고급생갈비(300g) 26,000 | 양등심(250g) 25,000 | 매운조개볶음 18,000 | 지삼선 14,000 | 꿔바로우(탕수육) 15,000 | 마라탕 8,000",353
64,다포케 성수점,070-8836-7872,기타, 연무장길 41,평일 11:30~21:00 15:00~16:30 브레이크타임입니다 | 주말 11:30~20:30,http://instagram.com/dapoke.kr,"하와이안클레식포케 8,800 | 와사비마요참치포케 8,800 | 유자폰즈연어포케 9,800 | 스파이시크림연어포케 9,800 | 미소연어포케 9,800 | 빅아일랜드포케 10,800 | 갈릭쉬림프포케 9,800 | 오렌지두부포케 7,800 | 데리야끼 치킨포케 8,800",352
65,루디먼트,02-6497-7158,카페/디저트, 아차산로7길 15-8,화요일 08:00~22:00 | 주말 12:00~22:00 | 수요일 08:00~22:00 | 목요일 08:00~22:00 | 금요일 08:00~22:00 | 월요일 08:00~22:00 | 공휴일 12:00~22:00,http://instagram.com/rudiment.kr,"아메리카노 4,500",346
66,와하카,02-462-7292,남미식, 성수일로12길 29,"토요일 12:00~22:00 Last order 21:00 | 일요일 12:00~22:00 Last order 21:00 | 화요일 휴무 매주월,화요일 휴무 | 월요일 휴무 매주월,화요일 휴무 | 수요일 11:30~22:00 break time 15:00-17:00/Last order 21:00 | 목요일 11:30~22:00 break time 15:00-17:00/Last order 21:00 | 금요일 11:30~22:00 break time 15:00-17:00/Last order 21:00",http://www.instagram.com/oaxaca_seongsu,"TACO 6,500 | BURRITO(medium size) 8,000 | ENCHILADA 14,000 | CHILI CHEESE FRIES 11,500 | NACHO GRANDE 11,500 | CHIPS & GUACAMOLE 10,500 | CHIMICHANGA 16,500",341
67,위풍당당족발 성수점,02-465-3323,한식, 성수일로8길 53 성수동복합시설,매일 11:30~23:30 브레이크타임 없음,http://www.instagram.com/wepung,"족발(소) 30,000 | 족발(중) 34,000 | 족발(대) 39,000 | 직화 불족발(중) 36,000 | 직화 불족발(대) 41,000 | 족발+직화 불족발(중) 36,000 | 족발+직화 불족발(대) 41,000 | 꿀마늘 족발(중) 36,000 | 꿀마늘 족발(대) 41,000 | 냉채족발 42,000 | 족보세트(소) 42,000 | 족보세트(중) 52,000 | 족보세트(대) 62,000 | 보쌈(소) 31,000 | 보쌈(중) 35,000 | 보쌈(대) 40,000 | 과일막국수 10,000",341
68,에머이 성수점,02-499-7174,아시안식, 성수이로 117 1층,매일 10:30~22:30 이용시간 변경(심야영업 임시 중단),http://www.emoikorea.com,"양지 쌀국수 9,800 | 불고기 쌀국수 12,000 | 차돌박이 쌀국수 13,000 | 분짜 15,000 | 반쎄오 18,000 | 볶음밥 9,800 | 야채볶음 9,000 | 넴 6,900 | 매운쌀국수 9,800 | 껌팃헤오 9,800 | 고이꾸온 6,900 | 똠찌엔 6,900",338
69,대림국수 성수점,02-465-0405,펍, 연무장7가길 5-1 1층 대림국수,일요일 11:30~23:30 재료준비시간 (매일 15시~16시30분) | 목요일 11:30~23:30 재료준비시간 (매일 15시~16시30분) | 수요일 11:30~23:30 재료준비시간 (매일 15시~16시30분) | 화요일 11:30~23:30 재료준비시간 (매일 15시~16시30분) | 월요일 11:30~23:30 재료준비시간 (매일 15시~16시30분) | 토요일 11:30~04:30 재료준비시간 (매일 15시~16시30분) | 금요일 11:30~04:30 재료준비시간 (매일 15시~16시30분),,"꼬치국수 온면 10,000 | 꼬치국수 비빔면 9,500 | 꼬치국수 냉면 10,000 | 모듬숯불꼬치 23,000 | 온면 7,000 | 비빔면 6,500 | 냉면 7,000 | 명란 5,000 | 한우대창 4,000 | 왕새우 4,000 | 닭날개 4,000 | 팽이삼겹 3,500 | 토마토삼겹 3,500 | 무릎연골 3,000 | 가슴연골 3,000 | 목살 2,500 | 다리살 2,500 | 염통 2,500 | 닭껍질 2,000 | 아스파라거스 2,000 | 가지 2,000 | 마늘 1,500 | 은행 1,500 | 대파 1,500",330
70,윕 성수,02-6951-1005,펍, 광나루로4가길 5 1층,평일 11:30~23:00 월 휴무 3:00~5:30 브레이크타임 | 주말 11:30~23:00 월 휴무 3:00~5:30 브레이크타임,https://app.catchtable.co.kr/ct/shop/wip,"플랭크 스테이크 35,000 | 이베리코 스테이크 35,000 | 치킨 그레인 샐러드 16,000 | 뽈살 기네스 스튜 19,000 | 머쉬룸 보스카욜라 펜네 파스타 17,000 | 프렌치어니언 수프 9,000",330
71,통삼시대 성수점,02-6465-3030,고기집, 성수일로8길 39-1 성수장여관,매일 11:00~24:00,,"통삼겹살 무한리필 9,900 | 모듬 무한리필 11,900 | 갈비살 무한리필 16,900 | 양념모듬 무한리필 12,900",329
72,레이더,02-6080-3929,카페/디저트, 연무장길 39-29 레이더,매일 11:00~22:00,http://www.instagram.com/radarseoul,"아메리카노 5,500 | 라떼 6,000 | 바닐라크림커피 7,500 | 파운드 5,500 | 치즈 케이크 6,500 | 애플스퀘어 7,000 | 오미자 에이드 7,000 | 콜드브루 6,500 | 밀크티 7,000 | 청포도 모히또 7,000 | 오가닉 레몬에이드 7,500 | 블렌딩 허브티 6,500 | 바닐라커피 7,000 | 애플시나몬티 7,500 | 레몬허브티 7,500 | 오레오/로투스 쿠키 5,500 | 아이스크림 1,000 | 오미자차 7,000 | 피치 우롱차 6,500 | 세러니티차 6,500 | 크림슨펀치 6,500 | 에스프레소 5,000 | 카푸치노 6,000 | 숏라떼 5,500",319
73,아키야마,010-8647-2762,펍, 아차산로7나길 18 성수에이팩센터1층106호,평일 11:30~13:30 오전 | 평일 17:00~01:30 오후 | 금요일 17:00~01:30 | 토요일 17:00~01:30 | 일요일 휴무 | 공휴일 17:00~01:30,http://instagram.com/akiyama_izakaya,"5종모듬사시미 29,000 | 나가사키해물나베 20,000 | 6종숯불모듬꼬치 21,000 | 스키야키 25,000 | 사시미고노와다 29,000 | 생연어사시미 22,000 | 해물크림짬뽕 21,000 | 소고기타다키 28,000 | 로제해물크림우동 24,000 | 오뎅나베(탕) 19,000 | 도미머리구이 18,000 | 도미머리조림 22,000 | 치킨가라게 14,000",316
74,화화담 성수,02-464-9888,한식, 연무장7가길 3,평일 11:20~21:00 오후 3시~ 5시 | 주말 11:20~21:00 브레이크 타임 없음,,"화화담 오리지날 쌀국수 9,000 | 미드나잇 수비드 스테이크 12,800 | 하노이 포10 쌀국수 9,800 | 분팃느엉 11,300 | 화화담 트리플 스페셜 쌀국수(오전) 12,800 | 몽블랑 치즈크림큐브 스테이크(오후) 13,900 | 쉬림프 크림 수비드 스테이크 15,800 | 갈릭 파인애플 수비드 스테이크 13,800 | 떡갈비 양지 쌀국수 9,500 | 클래식 포9 쌀국수 8,500 | 호이안 양전 쌀국수 8,800 | 맑은 해산물 쌀국수 10,500 | 화화담 곱창 쌀국수 12,300 | 양지 곱창 새우 쌀국수 12,800 | 매운 하노이 쌀국수 9,800 | 매운 새우탕 쌀국수 10,800 | 바게트 킹 감바스 9,800 | 보코치니에그 샐러드 7,500 | 새우튀김 스프링롤 7,000 | 연어 스프링롤 6,800 | 수제 미트볼 그라탕 8,300 | 찹쌀 치즈볼(6ea) 4,800 | 새우 커틀렛(3ea) 7,200 | 새우 스펀지롤(6ea) 5,100 | 해산물 짜조(3ea) 6,300 | 자몽허니 에이드 4,000 | 애플시나몬 에이드 4,300 | 체리뱅쇼 4,500 | 병맥주 (카스/클라우드) 4,000 | 콜라 / 사이다 2,500",310
75,봉자마라탕,02-499-8889,중식, 동일로18길 22,매일 11:00~24:00,,"찹쌀탕수육 13,000 | 삼색야채볶음 12,000 | 향라육슬 13,000 | 어향육슬 12,000 | 궁빠지딩 15,000 | 어향가지볶음 12,000 | 탕고기가지볶음 13,000 | 매운새우볶음 18,000 | 곱창볶음 16,000 | 조개볶음 12,000 | 매운닭고기 25,000 | 돼지간볶음 12,000 | 마라돼지의간 12,000 | 건두부볶음 10,000 | 경장육슬 15,000 | 즈란양고기 15,000 | 즈란염통줄기 13,000 | 건두부데쳐서무침 10,000 | 토마토계란볶음 10,000 | 송화단두부 10,000 | 쇠고기피망볶음 15,000 | 물에익힌돼지고기 15,000 | 매운소천엽볶음 13,000 | 갈비배추절임 15,000 | 갈비당통볶음 15,000 | 볶음산시량피 7,000 | 건두부무침 10,000 | 양고기마라탕 10,000 | 마라탕 6,000 | 마라면 6,000 | 마라무침 6,000 | 단단면 6,000 | 매콤새콤단면 6,000 | 마라면무침 7,000 | 산시량피 6,000 | 볶음면 6,000 | 양주계란볶음 6,000 | 훈둔 6,000 | 물만두 6,000 | 충칭샤브샤브 35,000 | 마라향궈 大 30,000 | 마라향궈 小 25,000",308
76,도도곱창 건대본점,02-2298-7789,고기집, 아차산로34길 18,평일 14:30~12:00 | 토요일 14:30~12:00 | 일요일 14:30~12:00,https://dodogobchang.modoo.at,"세트4 58,000 | Set 3 47,000 | 소금구이막창 13,000 | 양념막창(돼지) 13,000 | 야채곱창(돼지) 12,000 | 치즈야채곱창(돼지) 14,000 | 소막창 18,000 | 소곱창전골(중) 33,000 | 계란찜 5,000 | 날치알볶음밥 3,000 | Set 1 39,000 | Set 2 41,000 | 한우곱창 18,000 | Set 5 51,000",305
77,BNHR,070-4175-6118,카페/디저트, 연무장5길 9-16 1층,토요일 12:00~20:00 | 금요일 12:00~20:00 | 목요일 12:00~20:00 | 수요일 12:00~20:00 | 월요일 12:00~20:00 | 일요일 12:00~20:00 | 매일 12:00~20:00 | 평일 12:00~20:00 | 화요일 휴무,http://www.instagram.com/bnhrcoffee,"BNHR COFFEE 6,000 | SUMMER LATTE 6,500 | 에스프레소 5,000 | 아메리카노 5,000 | 라떼 5,500 | 바닐라라떼 6,000 | 써머라떼 6,800",301
78,소문난성수감자탕,02-465-6580,한식, 연무장7길 4 해피드림,,,"감자탕 대 40,000 | 감자국식사 일반 9,000 | 감자국식사 우거지 10,000 | 감자국식사 곱배기 10,000 | 감자국식사 우거지곱배기 11,000",293
79,문츠 바베큐,010-7417-3054,양식, 연무장5길 6,화요일 11:30~21:00 브레이크타임 3시~5시 | 일요일 11:30~21:00 브레이크타임 3시~5시 | 토요일 11:30~21:00 브레이크타임 3시~5시 | 금요일 11:30~21:00 브레이크타임 3시~5시 | 목요일 11:30~21:00 브레이크타임 3시~5시 | 수요일 11:30~21:00 브레이크타임 3시~5시,http://www.youtube.com/channel/UC4nfYK0W3YMMFP1H5QdF3dw,"비프립 플래터 84,000 | 스페어립 플래터 58,000 | 시즈널 그릴드 베지 24,000 | 그릴드 로메인 12,000",291
80,오스테리아 쟌니,02-465-3777,양식, 연무장길 109 1층 Osteria Gianni,"화요일 12:00~22:00 Break time 15:30 - 18:00, 라스트오더 21:00 | 수요일 12:00~22:00 Break time 15:30 - 18:00, 라스트오더 21:00 | 목요일 12:00~22:00 Break time 15:30 - 18:00, 라스트오더 21:00 | 금요일 12:00~22:00 Break time 15:30 - 18:00, 라스트오더 21:00 | 토요일 12:00~22:00 Break time 15:30 - 18:00, 라스트오더 21:00 | 월요일 휴무 | 일요일 휴무",http://blog.naver.com/choijaeh88,"양고기라구파케리 23,000 | 아란치니 7,000 | 시저샐러드 18,000 | 염장 대구 스프레드 19,000 | 프로슈토와 부라타치즈 20,000 | 피에몬테 육회타르타르 21,000 | 베이컨 로제 감자 뇨끼 19,000 | 고르곤졸라&호두크림 감자뇨끼 19,000 | 고구마뇨끼와 초리조 19,000 | 포르치니 트러플 크림 감자 뇨끼 19,000 | 가지라지냐 20,000 | 볼로네제 19,000 | 홈스타일 전통 까르보나라 (스파게티니) 19,000 | 대하새우&올리브파스타 23,000 | 홍가리비봉골레 23,000 | 시칠리안 삼치파스타(링귀니면) 22,000 | 어란파스타 23,000 | 바질페스토&라구비앙코 22,000 | 이베리코목살콩피 35,000 | 채끝 스테이크 48,000 | 티라미수 8,000",288
81,소성공자 샤브샤브,02-461-9888,중식, 동일로18길 17,매일 12:00~24:00,,"홍탕 15,000 | 토마토탕 8,000 | 홍백탕 13,000 | 샤브세트A 소고기세트 33,000 | 샤브세트B 양고기+생새우완자세트 44,000 | 샤브세트C 고품격 바비인형소고기 세트 55,000 | 양고기 10,000 | 양갈비살 12,000 | 소고기 10,000 | 소갈비살 13,000 | 매운소고기 12,000 | 무뼈닭발 6,000 | 소고기완자 10,000 | 모듬 버섯 8,000 | 마라소룽샤 32,000 | 꿔바우로 15,000 | 쯔란 양(소)고기 볶음 15,000 | 쯔란 신관 볶음 15,000",280
82,사위식당 성수점,02-2054-0110,고기집, 연무장5길 9-16 블루스톤타워 지하 1층 B102호,매일 11:00~22:00 | 매일 15:00~17:00 브레이크타임,,"낙곱새 12,000 | 한우대창덮밥 11,000 | 낙삼새 12,000 | 낙새 12,000 | 장모님 왕만두 4pcs 7,000 | 12곡 미숫가루 밀크 (500ml병) 7,000 | 동래부추전 13,000 | 사리 2,000 | 추가메뉴 9,000 | 대게다릿살 튀김 (5pcs) 7,000",279
83,냐항,02-497-5279,아시안식, 연무장길 9-6 1층 냐항,평일 11:30~22:00 브레이크타임 14:00-17:00 | 토요일 12:00~22:00 브레이크타임 없음 | 일요일 12:00~21:00 브레이크타임 없음,http://www.instagram.com/nhahang_sikdang,"그린파파야샐러드 14,000 | 짜죠 6,000 | 베트남 소시지 7,000 | 냐항 멘보샤 12,000 | 반쎄오 21,000 | 볶음 쌀국수 11,000 | 코코넛 라이스 5,000 | 모닝글로리 볶음 8,000 | 허니 고구마스틱 5,000 | 오픈 반미 샌드위치 7,000 | 맛있는 베트남 바비큐 24,000 | 수비드 등심 스테이크와 모닝글로리 볶음 30,000 | 똠양탕 22,000 | 바삭바삭 레몬그라스 치킨 20,000 | 불향 가득 쌀국수 9,000 | 비빔 쌀국수 9,000 | 파인애플 새우 볶음밥 9,000 | 소고기 덮밥(런치 한정) 9,000",279
84,교대이층집 성수점,02-462-2792,고기집, 성수일로8길 60,"평일 11:30~22:00 | 공휴일 14:00~22:00 | 토요일 14:00~22:00 | 일요일 16:00~21:00 1, 3번째 일요일은 휴무!!!",http://www.sgfco.kr/,"꽃삼겹(국내산, 150g) 15,000 | 통삼겹(국내산, 180g) 15,000 | 통목살(국내산, 180g) 15,000 | 항정살(국내산, 150g) 16,000 | 가브리살(국내산, 150g) 14,000 | 한우차돌박이(한우1++, 150g) 25,000 | 시골된장찌개 7,000 | 냉면(물/비빔) 7,000 | 볶음밥 한 판 10,000 | 버섯칼국수 7,000 | [점심특선메뉴]시골된장찌개 7,500 | [점심특선메뉴]우렁된장찌개 7,500 | [점심특선메뉴]소고기국밥 7,500 | [점심특선메뉴]한돈제육볶음_2인이상 8,000 | [점심특선메뉴]냉면(물/비빔) 7,500",278
85,토라식당,070-8736-6141,일식, 연무장7가길 6-1 지하 토라식당,평일 11:30~14:00 | 평일 18:00~22:00 | 토요일 16:30~22:00 | 일요일 휴무,https://www.instagram.com/torasigdang,"오므라이스 9,000 | 흑돼지 돈카스 9,000 | 카츠나베 10,000 | 멘치카스 10,000 | 한우스키야키나베 12,000 | 후토마키 12,000 | 소고기고로케1pcs 3,000 | 치킨가라아게 3,000 | 모듬생선회2인 29,000 | 모듬생선회3인 39,000 | 우니감태 25,000 | 오이스터 우니 이꾸라2pcs 13,000 | 오이스터 2pcs 8,000",271
86,이로우,02-6953-7448,펍, 연무장길 12 1층,금요일 17:00~01:00 | 목요일 17:00~01:00 | 수요일 17:00~01:00 | 화요일 17:00~01:00 | 월요일 17:00~01:00 | 일요일 15:00~01:00 | 토요일 15:00~01:00,,"모둠사시미 29,000 | 레드(매콤) 가라아게 18,000 | 블랙(흑임자) 가라아게 18,000 | 미즈타키나베(닭고기전골) 23,000 | 차돌박이 참깨나베 23,000 | 차돌박이 숙주볶음 20,000 | 마구로 육회 23,000 | 소고기(채끝살) 타다끼 25,000 | 화이트크림새우 22,000 | 매콤칠리새우 22,000 | 수제 모찌리도후 10,000",270
87,오프커피,010-6839-3239,카페/디저트, 연무장길 29-17 1F 오프커피,월요일 휴무 | 토요일 11:00~21:00 | 금요일 11:00~21:00 | 목요일 11:00~21:00 | 수요일 11:00~21:00 | 화요일 11:00~21:00 | 일요일 11:00~18:00,http://instagram.com/5ff_coffee,"아메리카노 4,100 | 카페라떼 4,500 | 오프커피 4,700 | 바닐라라떼 5,000 | 아인슈페너 5,000 | 아이스크림라떼 5,700 | 초코라떼 5,000 | 그린티라떼 5,000 | 유자차 5,000 | 레몬차 5,000 | 밀크쉐이크 6,000 | 딸기쉐이크 6,000 | 바질레몬슬러쉬 6,000 | 딸기에이드 6,000 | 레몬에이드 6,000 | 생딸기쥬스 6,500 | 레몬젤라또 5,500 | 바질레몬젤라또 6,000 | 딸기레몬젤라또 6,000 | 믹스젤라또 (2가지 선택) 6,000 | 3가지맛 젤라또 (350cc) 9,000 | 스콘 4,000 | 양송이스프 4,800 | 딸기샌드위치 6,500 | 미제샌드위치(미국식 햄 샌드위치) 6,500",267
88,천지샤브샤브 성수본점,02-499-6334,일식, 성수일로10길 35,,,"*런치할인 훠궈 샤브샤브 (성인) 14,900 | 훠궈 샤브샤브 (성인) 17,900 | 모듬구이+훠궈샤브샤브 (성인) 23,000 | 모듬구이 (성인) 20,900 | 훠궈 샤브샤브 (초등학생) 10,000 | 훠궈 샤브샤브 (7세이하) 5,000 | 모듬구이 (초등학생) 10,000 | 모듬구이 (7세이하) 5,000",266
89,스시메이진 건대점,02-2218-3922,일식, 능동로 92 롯데백화점 9층,"평일 11:30~21:00 (월~금) 브레이크타임 3시-5시 / 평일 저녁만 뷔페 운영 대신 단품 스시 운영합니다. | 주말 11:30~21:30 (토,일 및 공휴일) 브레이크타임 X",,"평일런치 17,900 | 평일디너 17,900 | 주말및공휴일 22,900 | 37개월-7세 7,900 | 초등학생(8세-13세) 10,900",256
90,나누리잡화점,02-467-0344,펍, 연무장길 47 1층 ,토요일 17:30~01:00 | 평일 17:30~01:00 | 일요일 17:30~24:00,,"국산병맥주 500ml 5,000 | 소주 5,000 | 수입병맥주 6,000 | 컨디션 3,000 | 먹태 14,000 | 버터바지락술찜 19,000 | 옛날치킨 15,000 | 명란버터구이 17,000 | 골뱅이무침 19,000 | 삼겹두루치기 16,000 | 스팸계란후라이 13,000 | 한우육회 19,000 | 설탕토스트 9,000",252
91,복만루,02-467-9645,중식, 동일로18길 43,매일 12:00~24:00,,"무한리필샤브샤브 15,000",247
92,업사이드커피,070-7799-7579,카페/디저트, 연무장13길 3,금요일 08:00~21:00 | 목요일 08:00~21:00 | 수요일 08:00~21:00 | 화요일 08:00~21:00 | 월요일 08:00~21:00 | 토요일 12:00~21:00 | 일요일 12:00~21:00,http://instagram.com/up.side_,"해방촌커피 6,000 | 성수커피 6,000 | 뚝섬커피 6,500 | 아메리카노 4,000 | 업사이드커피 5,000 | 에스프레소 4,000 | 플랫화이트 4,500 | 라떼 4,500 | 바닐라빈 라떼 5,000 | 크림모카 6,000 | 시나몬링 6,000 | 밀크카라멜라떼 6,000 | 카페모카 5,500 | 콜드브루 5,500 | 아인슈페너 6,000 | 아포가토 6,000 | 얼그레이밀크티 5,500 | 달고나밀크티 5,500 | 초콜릿 5,500 | 쑥스무디 5,500 | 에이드 5,500 | 자몽주스 5,500 | 시즌주스 6,500 | 피치우롱 6,000 | 히비스커스 베리 5,000 | 카모마일 메들리 5,000 | 페퍼민트루이보스 5,000",237
93,스시메이 성수점,02-466-4918,일식, 연무장7길 7-1 린빌딩 2층,평일 11:30~22:00 14시30분~17시30분 브레이크타임 | 공휴일 11:30~22:00 브레이크타임 없음 | 토요일 11:30~22:00 브레이크타임 없음 | 일요일 휴무,https://sushimayss.modoo.at,"메이초밥 12pcs 12,000 | 특메이초밥 12pcs 17,000 | 일품메이 12pcs 21,000 | 스페셜연어광어 12pcs 36,000 | 연어초밥 12pcs 15,000",237
94,백옥양꼬치,02-466-2642,중식, 뚝섬로23길 97,평일 11:30~01:00 연중무휴,http://www.foodsidae.com/baekok,"양꼬치 13,000 | 소꼬치 15,000 | 고급양갈비 350g 24,000 | 양지머리 20,000 | 닭똥집 10,000 | 오징어 10,000 | 샤브샤브 35,000 | 마라륭샤 35,000 | 마라향궈 30,000 | 꼴뚜기볶음 15,000 | 크램새우 13,000 | 즈란혈관볶음 15,000 | 탕수육 13,000 | 깐쇼새우 13,000 | 대파양고기볶음 15,000 | 철판소고기볶음 18,000 | 향라새우 18,000 | 고수고기볶음 13,000 | 가지튀김 13,000 | 지삼섬 13,000 | 어향가지 13,000 | 마라탕 8,000 | 계란탕 7,000 | 해물누룽지탕 15,000 | 경장육슬 13,000 | 건두부볶음 12,000 | 번데기볶음 15,000 | 마파두부 10,000 | 계란토마토볶음 10,000 | 계란부추볶음 10,000 | 새우청경채 10,000 | 찹쌀순대 10,000 | 양갈비탕 10,000 | 오이라피 10,000 | 건두부오이 10,000",236
95,El Patio,070-8822-5628,펍, 연무장길 10-5,목요일 11:00~00:00 | 수요일 11:00~00:00 | 일요일 11:00~00:00 | 화요일 11:00~00:00 | 토요일 11:00~02:00 | 금요일 11:00~02:00 | 월요일 휴무,http://instagram.com/el_patio___,"El patio 아인슈페너 6,700 | Grano 아인슈페너 6,500 | 패션후르츠 에이드 6,000 | 티블렌딩 에이드 6,000",234
96,라무진 성수점,010-9976-3389,고기집, 아차산로7길 28 1층 20호,금요일 17:00~23:00 | 목요일 17:00~23:00 | 수요일 17:00~23:00 | 화요일 17:00~23:00 | 월요일 17:00~23:00 | 토요일 16:00~23:00 | 일요일 16:00~21:00,http://blog.naver.com/changmin8600,"양갈비 29,000 | 프랜치렉 30,000",233
97,용짜장,02-3409-5679,중식, 아차산로7길 28,매일 11:00~22:00,,"자장면 4,000 | 홍합짬뽕 6,000 | 탕수육 11,000 | 양꼬치 12,000 | 양갈비살 14,000 | 궈보러우 12,000 | 마파두부 12,000 | 가지볶음 12,000 | 건두부볶음 12,000 | 해물짬뽕탕 13,000 | 팔보채 18,000 | 향라대하 18,000 | 매운양꼬치 13,000 | 소고기꼬치 13,000 | 고급양갈비 38,000 | 차돌마라향궈 20,000 | 해물마라향궈 29,000 | 경장육사 13,000 | 깐풍기 13,000 | 고추잡채 15,000 | 양념탕수육 11,000 | 양장피 18,000 | 칠새우 18,000 | 개구리다리볶음 18,000 | 마라탕면 6,000 | 간짜장 5,000 | 쟁반짜장장 6,000 | 삼선간짜장 6,000 | 짬짜면 6,000 | 볶짜면 6,500 | 볶짬면 6,500 | 해물우동 6,000 | 콩국수 6,500 | 중식냉면 6,500 | 볶음밥 5,500 | 잡채밥 6,000 | 해물특밥 7,000 | 짬뽕밥 5,500 | 차돌짬뽕밥 7,000 | 쟁반짬뽕 6,000 | 삼선짬뽕 7,000 | 굴짬뽕 7,000 | 고추덮밥 6,000 | 삼선볶음밥 6,500",226
98,복만루 3호점,02-498-1685,중식, 동일로20길 106 2층,매일 12:00~24:00,https://fumanlou.modoo.at,"무한리필샤브샤브 17,900",221
99,가조쿠,02-466-2177,일식, 연무장길 31-2 1층,매일 11:00~20:00 15:00-17:00 브레이크타임 | 평일 11:00~20:00 15:00-17:00 브레이크타임,,"온소바 9,000 | 냉소바 9,000 | 가조쿠소바 10,000 | 에비텐소바 11,000 | 자루소바 10,000 | 타누키소바 12,000 | 연어덮밥 12,000 | 장어덮밥 15,000 | 키츠네소바 11,000 | 니싱소바 15,000 | 타누키소바 12,000 | 덴푸라 10,000 | 니싱 13,000",220
100,찌마찌마,02-6014-6013,펍, 연무장3길 5-1 2층,평일 11:30~23:00 (19시 식사 마감) | 평일 14:30~17:00 Break Time | 토요일 13:00~23:00 NO Break Time | 공휴일 13:00~23:00 NO Break Time | 일요일 휴무,http://www.instagram.com/zzimazzima,"고등어 미소 조림 정식 11,000 | 치즈 야키 소바 13,000 | 함박스테이크 정식 11,000 | 사케동 (연어 돈부리) 정식 12,000 | 가라아게동 9,000 | 크림연어 스테이크정식 13,000 | 요리 메뉴 17시부터 9,000~30,000 | 로스 카츠 정식 9,000 | 치킨 카츠 정식 9,000 | 로스 카레 정식 10,000 | 치킨 카레 정식 10,000 | 새우 카레 정식 10,000",219
101,haru&oneday,02-499-9303,카페/디저트, 아차산로 92 광명타워,평일 07:30~23:00 | 토요일 09:00~23:00 | 일요일 09:00~22:00,,"아메리카노 4,500 | 카페라떼 5,000 | 바닐라라떼 5,500 | 크리미라떼 5,500 | 아이스볼모카 5,500 | 비엔나커피 6,000 | 초코라떼 5,500 | 아몬드바닐라밀크 5,000 | 트리플베리스무디 6,500 | 루이보스빌베리 5,500 | 플랫화이트 5,000",216
102,쓰리오브어스,02-461-1233,펍, 연무장길 41-18 1층,매일 18:00~00:00 매주 일요일휴무입니다.,http://instagram.com/3_of_us_,"Fried avocado 12,000 | Steamed beef rice paper roll 10,000 | Natural wine 변동가격(업주문의)",214
103,EZER Coffee,02-461-1411,카페/디저트, 성수이로 127 보문127빌딩 1층,평일 08:00~22:00 | 토요일 09:00~22:00 | 일요일 휴무,,"아메리카노 4,500 | 플랫화이트 5,000 | 초코라떼 6,000 | 라떼 5,000 | 카푸치노 5,000 | 페퍼민트/캐모마일/얼그레이 6,500",213
104,대박낙소 성수점,02-3499-4496,고기집, 성수일로10길 26 상가동 1층,매일 10:00~22:30,,"프리미엄 1등급 생소고기 무한리필 22,900 | 프리미엄 1등급 생소고기 +장어무한  24,900 | 프리미엄 1등급 생소고기 +낙지무한 27,900 | 프리미엄 1등급 생소고기 +토마호크 (3~4)기준 1회제공 29,900 | 토마호크 단품 69,000 | 직화낙지볶음 9,000 | 불고기전골 9,000 | 돼지김치전골 7,000 | 우삼겹된장전골 7,000 | 물/비빔냉면 7,000",212
105,브루잉 세레모니,010-8929-4771,카페/디저트, 연무장5가길 22-1 1층,금요일 11:00~21:00 | 목요일 11:00~21:00 | 수요일 11:00~21:00 | 화요일 11:00~21:00 | 토요일 11:00~21:00 | 월요일 11:00~21:00 | 일요일 휴무,https://www.instagram.com/brewingceremony/,"Brewing 6,000 | White 6,000 | Non Coffee 6,500",210
106,오팔,02-466-1311,한식, 연무장7가길 1 1F,토요일 13:00~02:00 브레이크타임 없습니다. | 월요일 16:00~02:00 | 화요일 16:00~02:00 | 금요일 16:00~02:00 | 목요일 16:00~02:00 | 수요일 16:00~02:00 | 일요일 휴무,https://www.instagram.com/offal_sungsu,"매콤항정살덮밥 14,000 | 대창덮밥 15,000 | 전복장 크림덮밥 15,000 | 육회 창난젓 덮밥 13,000 | 우삼겹 간장덮밥 13,000 | 전복내장 파스타 15,000 | 명란 로제파스타 14,000 | 우삼겹 탄탄중화면 14,000 | 명란로제 감자고로케 8,000 | 간장 생새우 5,000 | 육회 한접시 18,000 | 매실원주 9,000 | 이강주 9,000 | 명인안동소주 9,000 | 사랑할 때 10,000 | 황금보리소주 12,000 | 서울의 밤 13,000 | 토끼소주 30,000 | 미인약주 50,000",208
107,계탄집 성수점,02-463-4887,한식, 아차산로7길 36,금요일 17:00~24:00 | 목요일 17:00~24:00 | 수요일 17:00~24:00 | 화요일 17:00~24:00 | 월요일 17:00~24:00 | 토요일 17:00~23:00 | 일요일 휴무,,"마늘소금 12,000 | 간장양념 13,000 | 매운양념 13,000 | 국물닭발 12,000 | 더덕구이 9,000 | 초계국수 6,000 | 초계비빔국수 7,000 | 치즈계란찜 4,000",201
108,중경소면관,02-462-7712,중식, 아차산로30길 42,매일 09:00~22:00,,"담백한 맛 꽈배기 1,500 | 흑미고구마 꽈배기 1,500 | 해바라기 꽈배기 1,500 | 담백한 꽈배기 1,500 | 계란빵 6개 3,000 | 유타오 1,000 | 페스츄리쿠키6개(흑미/팥) 3,000 | 만터우 2개 1,000 | 꽃빵 2개 1,000 | 흑설탕 호떡 1,000 | 옥수수 전병 1,000 | 감자채전 3,000 | 소세지전병 2,000 | 부추 계란전 1,000 | 볶은 땅콩 5,000 | 찹쌀 도너츠 6개(치즈/찹쌀) 3,000 | 월병 1봉 3,500 | 고기소세지 2개 5,000 | 타오수 1봉 3,000 | 강미조 1봉 3,000 | 전병스낵 1봉(흑미/대추/일반) 3,500",198
109,포지티브 제로 라운지,02-462-5994,펍, 연무장길 14-2 지하1층,"평일 19:00~01:00 수~금요일/라이브 1부(20:30~21:15), 2부(21:45~22:30) | 주말 19:00~01:00 라이브 1부(20:30~21:15), 2부(21:45~22:30) | 월요일 휴무 | 화요일 휴무",https://linktr.ee/positive_zero_lounge,"Whiskey 변동가격(업주문의) | Wine 변동가격(업주문의) | Cheese Board 16,000",196
110,직화삼곱,02-461-0108,한식, 아차산로 97 1층,평일 11:00~22:00 | 주말 13:00~22:00 | 금요일 14:00~16:00 브레이크타임 | 목요일 14:00~16:00 브레이크타임 | 수요일 14:00~16:00 브레이크타임 | 화요일 14:00~16:00 브레이크타임 | 월요일 14:00~16:00 브레이크타임,,"직화트윈세트 53,000 | 숯불뼈구이세트 61,000 | 곱창모둠한판 38,000 | 양대창모둠한판 41,000 | 직화전골세트 45,000 | 양대창전골세트 55,000 | 숙성꿀살 16,000 | 숙성삼겹살 16,000 | 천겹항정살 17,000 | 곱창구이 17,000 | 대창구이 17,000 | 특양구이 20,000 | 막창구이 17,000 | 염통구이 10,000 | 특제계란장밥 3,000 | 한우왕된장찌개 7,000 | 김치찌개 7,000 | 숯불뼈구이(반접시) 16,000 | 비빔쫄면 6,000 | 화산양밥 12,000 | 곱창전골 25,000 | 신사육회 21,000 | 숙녀육회 22,000",195
111,멜라,02-469-9997,양식, 연무장길 39-25 멜라,매일 10:30~20:00 라스트오더 저녁7시 10분 /휴무 공지 :인스타그램 @cafe_mela,https://app.catchtable.co.kr/ct/shop/mela,"미나리봉골레 17,000 | 프렌치토스트 13,900 | 아메리카노 4,000 | 카페라떼 4,500 | 바닐라라떼 5,000 | 연유라떼 5,000 | 코코넛 연유라떼 5,000 | 모카쇼콜라 5,500 | 플라워 아이스티 5,500 | 플라워유자아이스 5,500 | 씨트러스 핑크 4,500 | 미스틱 퍼플 4,500 | 백향과에이드 6,000 | 허니 레몬에이드 6,000 | 자몽에이드 6,000 | 오렌지 티 스쿼시 7,000 | 콜라/사이다 3,000 | 멜버터크림 라떼 6,000 | 블랑크림 라떼 5,500 | 흑임자크림 라떼 5,500 | 백향과 라떼 6,000 | 리얼초코라떼 5,500 | 1664블랑 9,000 | 비라모레띠 8,000 | 담레몬 7,000 | 레드/화이트 8,000 | 로제 10,000 | 시저 샐러드 12,900 | 그래놀라 그릭요거트 8,500 | 에그 베네딕트 14,900 | 멜라 샌드위치 9,500 | 에그 아보카도 샌드위치 11,000 | 아보카도 리토다오픈 토스트 12,900 | 머쉬룸 오픈 토스트 12,900 | 미나리 봉골레 17,000 | 머쉬룸드림리가토니 17,000 | 라구 리가토니 21,000 | 프렌치프라이 8,000 | 크로플 플레이트 12,000 | 미니크로아상 with사과콤포트 4,900",191
112,고기다,02-544-9209,고기집, 성수일로12길 20 1층 102호,매일 11:00~22:00,,"드라이에이징 등심 50,000 | 워터에이징 고기다 모듬 32,000 | 워터에이징 등심 35,000 | 워터에이징 안심 40,000 | 워터에이징 채끝 32,000 | 워터에이징 살치 40,000 | 워터에이징 안창살 50,000",190
113,고기대통령 본점,02-462-9080,고기집, 능동로 91 2층,매일 11:30~23:30,http://meatpresident.kr/layout/res/home.php?go=main#self,"무한리필 이용권(점심할인, 11:30-13:30까지 입장고객, 주말 제외, 공휴일 제외) 19,900 | 무한리필 이용권(성인) 22,500 | 무한리필 이용권(초등학생) 14,900 | 무한리필 이용권(유아, 0-3세 무료) 4,900 | 물냉면 / 비빔냉면 5,000",189
114,스탠드업플리즈바이턴온,,카페/디저트, 연무장3길 14,평일 09:00~18:00 | 주말 12:00~18:00,,"에스프레소 1,800 | 마끼아또 2,300 | 콘파냐 2,300 | 마르소 2,800 | 빈센트 2,800 | 카푸치노 2,800 | 아포가토 바닐라 & 녹차 3,500 | 아메리카노 2,300 | 라떼 2,800 | 캔커피 바닐라라떼 3,000 | 미니 브라우니 초코&얼그레이 2,000",188
115,제주국수,02-466-8687,한식, 성수이로 118,매일 11:00~24:00,,"고기국수 8,000",184
116,일일향 성수10호점,02-462-2777,중식, 성수일로6길 47 2층,매일 11:30~21:30 명절 당일 휴무,http://www.yilyilhyang.com,"옛날짬뽕 8,000 | 짜장면 7,000 | 육즙돼지고기탕수육 28,000 | 어향동고 37,000 | 전가복 74,000 | 가지튀김 35,000 | 옛날볶음밥+계란후라이 8,000 | 대게살볶음 48,000 | 광동샥스핀 53,000 | 깐풍기 30,000 | 멘보샤 35,000 | 유린기 30,000 | 특품냉채 63,000",178
117,춘하추우동,010-2733-5327,일식, 연무장3길 8-27 춘하추우동,평일 11:00~21:00 점심 마지막 주문 오후 3시 (브레이크타임 : 오후 3시 ~ 오후 5시) / 저녁 마지막 주문 오후 8시 30분 | 토요일 11:00~15:00 마지막 주문 오후 3시 | 공휴일 휴무 | 일요일 휴무,,"우동 6,000 | 카츠동 7,500 | 치즈 카츠 카레 8,500 | 가라아게 5,000 | 냉모밀(판모밀) *시즌메뉴* 7,500",175
118,대흥양다리바베큐 건대점,02-468-6669,중식, 아차산로30길 39 1층,매일 12:00~00:00 무휴일,,"양다리(특) 80,000 | 양다리 (대) 70,000 | 양다리(소) 55,000 | 양곰탕 10,000 | 대흥양꼬치 13,000 | 양만두 6,000 | 고급양갈비 25,000",170
119,파스트 팔레트,010-2068-6281,기타, 연무장길 37-5 1,평일 11:00~00:00 | 금요일 11:00~02:00 | 주말 11:00~02:00,https://pf.kakao.com/_RxcJxjs,"아메리카노 5,000 | 하우스와인 (1잔) 7,000 | 하우스맥주 (400ml) 7,000 | 생꼼 꼬뜨뒤 론 57,000 | 알베르 비쇼 샤블리 프리미에 크뤼 102,000 | 잉글리쉬 블랙퍼스트 14,000 | 엘리자베스 블랙퍼스트 18,000 | 프렌치 토스트 13,000 | 만조 크림 파스타 17,000 | 크림파스타 14,000 | 베이컨 알리올리오 13,000 | 감바스 알 아히요 24,000 | 봉골레 스튜 19,000",168
120,하남돼지집 성수역점,02-467-3690,고기집, 아차산로 85,평일 17:00~24:00 | 주말 16:30~00:00,http://www.hanampig.co.kr/,"생삼겹살(180g) 14,000 | 특목살(180g) 14,000 | 생갈비(200g) 14,000 | 갈매기살(150g) 14,000 | 항정살(150g) 16,000 | 가브리살(150g) 14,000 | 모둠한판(600g) 40,000 | 특별한판(600g) 54,000",165
121,사람사는 고깃집 김일도 성수점,02-499-1123,고기집, 성수이로 90,"매일 11:30~22:00 브레이크타임15:00~17:00/ 주말,공휴일 브레이크타임 없음",https://www.gorillafnd.co.kr/,"김일도한판(700g) 52,000 | 삼겹살(160g) 15,000 | 꽃목살(160g) 15,000 | 양념소갈빗살(150g) 18,000 | 갈매기살(150g) 16,000 | 항정살(150g) 16,000 | 가브리살(150g) 16,000 | 수제소세지(120g) 6,000 | 추가 모듬버섯 5,000 | 추가 옛날김치찌개 6,000 | 속풀이된장술밥 6,000 | 깍두기볶음밥 6,000 | 가락청국장찌개 8,000 | 김일도 물냉면 6,000 | 김일도 비빔냉면 6,000 | 한돈불제육쌈밥 8,000 | 해남묵은지김치찌개 8,000 | 몽우리순두부 8,000",164
122,황금어장,02-466-8806,한식, 아차산로 96 신성빌딩,평일 15:00~24:00 | 일요일 휴무,,"회덮밥 10,000 | 알탕 25,000 | 전어회 30,000",164
123,라온석갈비,02-466-1616,고기집, 성수이로 119 덕산엔터프라이즈 1층 라온석갈비,매일 11:30~22:00 (브레이크타임 15~16시30분) | 일요일 휴무,,"직화돼지갈비 17,000 | 직화소갈비 30,000 | 소갈비찜 63,000 | 갈비탕 14,000 | 전복삼계갈비탕 25,000 | 차돌된장 8,500 | 매운돼지갈비 18,000",163
124,시옹마오,02-6401-0119,아시안식, 연무장7길 7-1 3층 시옹마오,월요일 00:30~01:00,https://www.instagram.com/xiongmao_asianfood,"우육면 11,800 | 어향가지 13,800 | 연태 하이볼 8,000",162
125,외가집,02-463-0748,고기집, 연무장길 17 1층,평일 17:00~24:00 | 토요일 17:00~23:00 | 일요일 휴무,,"삼겹살/갈매기살(200g) 15,000 | 매운갈매기살/항정살(200g) 16,000 | 칼국수/비빔국수/김치말이국 5,000",159
126,성수부두,010-7939-0978,씨푸드, 연무장길 41-26 지하 1층,금요일 16:00~00:30 | 목요일 16:00~00:30 | 수요일 16:00~00:30 | 화요일 16:00~00:30 | 월요일 16:00~00:30 | 일요일 휴무 | 토요일 13:00~00:30,,"조개구이 2인 46,900 | 조개찜 2인 46,900",158
127,호랑이 초밥,02-498-4499,일식, 아차산로7길 14,매일 11:30~22:00 브레이크타임 15:00~17:00,http://instagram.com/tigersushi_korea,"런치호랑이모듬 9,000 | 런치호랑이특 14,000 | 호랑이모듬 10,000 | 호랑이특모듬 15,000 | 호랑이특상(도로포함) 20,000 | 사시미2인 20,000 | 사시미3~4인 38,000 | 도로초밥 20,000 | 오도로사시미 26,000 | 주도로사시미 24,000 | 차돌폭탄짬뽕 16,000 | 2인셋트A 30,000 | 2인세트B 36,000 | 올리브연어아보카도 18,000 | 연어+광어 14,000",157
128,맛을 그리다by예빈당,02-3443-5542,카페/디저트, 성수이로 87 성문빌딩 1층,금요일 08:00~22:00 | 목요일 08:00~22:00 | 수요일 08:00~22:00 | 화요일 08:00~22:00 | 월요일 08:00~22:00 | 토요일 10:00~22:00 | 공휴일 10:00~22:00 | 일요일 10:00~21:00,http://www.yebindang.com/,"아메리카노 3,500~4,000 | 오미자차 6,500 | 팥빙수 9,000 | 비트사과차 6,500 | 팥라떼 6,000 | 쌀케이크  6,000",153
129,넛츠버거,02-6953-4502,양식, 연무장길 37-7 1층 넛츠버거,토요일 11:30~21:00 L.O 20:30 / Break 16:00 - 17:00 | 금요일 11:30~21:00 L.O 20:30 / Break 16:00 - 17:00 | 목요일 11:30~21:00 L.O 20:30 / Break 16:00 - 17:00 | 수요일 11:30~21:00 L.O 20:30 / Break 16:00 - 17:00 | 화요일 11:30~21:00 L.O 20:30 / Break 16:00 - 17:00 | 일요일 11:30~21:00 L.O 20:30 / Break 16:00 - 17:00 | 월요일 휴무,https://www.instagram.com/nutsburger_soeul,"Lunch set. 1 오리지널 치즈 버거 8,000 | Lunch set. 2 오리지널 치즈 버거 10,500 | P.C.B 6,500 | Hot Chicken 7,000 | H.C.B 6,500 | O.C.B 6,000 | Lunch set. 1 피넛 치즈버거 8,500 | Lunch set. 1 핫 치즈버거 8,500 | Lunch set. 2 핫 치즈 버거 11,000",149
130,성수이루다,070-8286-8350,양식, 연무장7가길 2 지층,토요일 11:30~23:00 | 일요일 11:30~23:00 | 금요일 11:30~23:00 14:30~17:00브레이크타임 | 목요일 11:30~23:00 14:30~17:00브레이크타임 | 수요일 11:30~23:00 14:30~17:00브레이크타임 | 화요일 11:30~23:00 14:30~17:00브레이크타임 | 월요일 11:30~23:00 14:30~17:00브레이크타임,http://instagram.com/2loo.da,"청양고추크림파스타 15,000 | 명란감자전 15,000 | 나폴리탄 파스타 14,000 | 꾸덕 까르보나라 12,900 | 베이컨할라피뇨오일파스타 14,000",149
131,이북집 찹쌀순대 성수점,02-464-2270,한식, 성수이로20길 10 101호,매일 00:00~24:00 365일 연중 무휴,,"순대국밥 8,000 | 아바이순대 15,000 | 회냉면 9,000 | 이북집정식 14,000 | 섞어접시 6,000 | 한접시(고기/순대) 6,000 | 함흥물냉면 8,000 | 술국+오소리감투Set 35,000 | 술국+수육Set 39,000 | 야채찹쌀순대 14,000",141
132,스타벅스 성수역점,1522-3232,카페, 성수이로 94,목요일 07:00~22:00 | 금요일 07:00~22:00 | 토요일 08:00~21:00 | 일요일 08:00~20:00 | 월요일 07:00~22:00 | 화요일 07:00~22:00 | 수요일 07:00~22:00,http://www.starbucks.co.kr/,"카페 아메리카노 4,500 | 카페 라떼 5,000 | 스타벅스 돌체 라떼 5,900 | 카라멜 마키아또 5,900 | 카푸치노 5,000 | 카페 모카 5,500 | 화이트 초콜릿 모카 5,900 | 콜드 브루 4,900 | 자몽 허니 블랙 티 5,700 | 아이스 자몽 허니 블랙 티 5,700 | 망고 바나나 블렌디드 6,300 | 에스프레소 프라푸치노 5,500 | 자바 칩 프라푸치노 6,300",137
133,비아트 성수,070-5213-5586,카페/디저트, 아차산로5길 24-45 2층,매일 12:00~19:00,https://beartseongsu.modoo.at,"쑥 크림 7,500 | 카카오 브리틀 7,500 | 바질 브라운 6,500 | 크림앤치즈 6,500 | 시그니쳐(넛모스피어) 6,000 | 라벤더 블로섬 5,500 | 딥 초코 6,500 | 시트러스 에이드 6,000 | 머스크 소다 5,500 | 아메리카노 4,000 | 카페라떼 4,500 | 바닐라라떼 5,000 | 카푸치노 4,500 | 아인슈패너 5,000 | 스위트 말차 5,000",134
134,스시현,02-3499-4299,일식," 성수일로10길 26 201호 스시현, 성수역 1번출구 도보 3분거리입니다., 성수역 1번출구 도보 3분거리입니다., 성수역 1번출구 도보 3분거리입니다.",매일 11:30~22:00 준비시간 15:00-17:00 | 주말 11:30~22:00 준비시간 없음,,"오늘의초밥 12,000 | 모듬 초밥(11pcs) 14,000 | 특선초밥 (12pcs) 18,000 | V.I.P 초밥 (14pcs) 25,000 | 연어롤 13,000 | 계란새우초밥(10pcs) 20,000 | 참치초밥(10pcs) 20,000 | 직화구이 모듬초밥(10pcs) 20,000 | 소고기불초밥(10pcs) 20,000 | 민물장어초밥(8pcs) 22,000 | 연어 + 연어불초밥(10pcs) 18,000 | 연어 + 활어초밥(10pcs) 18,000 | 연어 + 소불고기초밥(10pcs) 16,000 | 연어 + 계란새우초밥(10pcs) 18,000 | 소고기 + 계란새우초밥(10pcs) 20,000 | 커플정식(2인) 35,000 | 사시미정식(2인) 48,000 | 사시미 모듬회(2인) 49,000 | 사시미 모듬회(3인) 69,000 | 특사시미 89,000 | 연어사시미 단품 18,000 | 모듬사시미 단품 20,000 | 우동초밥정식 12,000 | 냉모밀초밥정식 12,000 | 수제돈가스정식 10,000 | 활어회덮밥 + 우동 (한정수량) 10,000 | 연어덮밥(사케동) 12,000 | 민물장어덮밥 20,000 | 수제안심돈가스 8,000 | 알밥 + 우동 7,000 | 우동 6,000 | 냉모밀 6,000 | 새우튀김우동 8,000 | 런치정식 9,000 | 점심특선 활어회덮밥(한정수량) 9,000 | 점심특선 수제안심돈가스정식 9,000",134
135,고흥순대국머리고기,02-497-7876,한식, 아차산로34길 26,매일 06:00~02:00 | 일요일 06:00~23:00,,"순대국 7,000 | 순대국 특 8,000 | 돼지국밥 7,000 | 돼지국밥 특 8,000 | 내장탕 8,000 | 술국 15,000 | 머리고기 중 13,000 | 머리고기 대 16,000 | 순대한접시 10,000 | 모듬 20,000",131
136,오로라베이커리카페 성수점,02-2157-1177,카페/디저트, 아차산로 126 1층 101호~103호,매일 08:30~22:00,,"곰도리카노 5,500 | 아메리카노 4,800 | 카페라떼 5,200 | 카푸치노 5,200 | 헤이즐넛 라떼 5,200 | 바닐라 라떼 5,200 | 카라멜 마끼야또 5,200 | 카페모카 5,200 | 자색고구마 라떼 5,500 | 쑥 라떼 5,500 | 흑임자 라떼 5,500 | 초코 라떼 5,500 | 말차 라떼 5,500 | 로얄 밀크티 6,000 | 딸기라떼 6,000 | 플레인요거트스무디 6,500 | 딸기요거트스무디 6,500 | 블루베리요거트스무디 6,500 | 리얼망고스무디 8,500 | 레몬에이드 6,500 | 자몽에이드 6,500 | 청포도에이드 6,500 | 한라봉에이드 6,500 | 청귤에이드 6,500 | 키위주스 7,500 | 청포도 주스 7,500 | 생딸기 주스 8,000 | 자몽차/레몬차 5,500 | 한라봉차/청귤차 5,500 | 복숭아 아이스티 5,500 | 꽃잎차 7,000 | 캐모마일/페퍼민트/얼그레이 5,500 | 메뉴판 변동가격(업주문의)",131
137,스탠서울,070-4105-2881,펍, 연무장길 33 1층,월요일 11:00~00:00 break time 14:00 - 17:00 | 화요일 11:00~00:00 break time 14:00 - 17:00 | 수요일 11:00~00:00 break time 14:00 - 17:00 | 목요일 11:00~00:00 break time 14:00 - 17:00 | 금요일 11:00~00:00 break time 14:00 - 17:00 | 토요일 13:00~00:00 no break (저녁영업 준비로 16:00- 17:00 사이 음식주문은 제한됩니다.) | 일요일 13:00~00:00 no break (저녁영업 준비로 16:00- 17:00 사이 음식주문은 제한됩니다.),https://www.instagram.com/stan.seoul/,"피칸 브라우니 w/ 바닐라크림 7,000 | 이베리코 돈마호크 스테이크 26,000 | 트러플 파스타 21,000 | 어글리 미트볼 파스타 16,500 | 패티 맬트 w/ 프라이즈 13,000 | 쵸리죠그릴치즈 w/토마토수프 12,500 | 칠리 프라이즈 9,500 | 칠리 수프 4,900 | 프라이즈 2,500 | 코울슬로 2,000 | 핫 치킨 필렛 3,000 | 풀드포크 7,500 | 슬로피조 7,000 | 싱글버거 6,500 | 더블버거 8,200 | 트리플버거 9,900",131
138,러프러프,010-4796-8203,카페/디저트, 연무장길 81 401호,,https://www.instagram.com/rufruf_museum/,"말차라떼 5,500 | 카야치즈크로플 5,300 | 츄로플 7,500 | 러핀 3,500 | RUF Latte 러프라떼 6,000 | 쑥 라떼 5,500 | 러프 샌드위치 8,500 | 러프플래터 20,000 | 크래커플래터 9,000",127
139,우오보 파스타 바,02-2222-2221,펍, 광나루로4길 1-16 1층,매일 16:00~22:00 주문 마감 21:00 | 일요일 휴무 | 월요일 휴무,https://app.catchtable.co.kr/ct/shop/uovopastabar,생면 파스타 변동가격(업주문의) | 와인 변동가격(업주문의),127
140,달구벌반점,070-8621-1658,중식, 아차산로13길 37 2층,평일 11:00~22:00 월~금 | 토요일 11:00~17:00 | 일요일 휴무,https://www.instagram.com/dalgubeol_seongsu,"불고기 짬뽕 8,000 | 짬뽕 6,000 | 불고기 짜장면 6,000 | 짜장면 5,000 | 고추간짜장 8,000 | 중화비빔밥 8,000 | 새우볶음밥 8,000 | 탕수육(大) 20,000 | 양장피 25,000 | 고추잡채 25,000 | 삼겹유린 21,000 | 크림새우 or 칠리새우 25,000 | 중화비빔만두 12,000 | 부추볶음 8,000",125
141,청주한씨,070-4086-0933,펍, 연무장길 41-22 지하 1층,매일 18:00~22:30 매월 일요일과 격주 월요일 휴무,,"청주한씨 술상 39,000",122
142,빠레뜨한남 성수점,02-466-1314,양식, 연무장7가길 2 1층 빠레뜨한남,매일 11:30~21:00 브레이크타임 15시 30분~17시,http://www.빠레뜨한남.com,"빠레뜨파스타 16,000 | 오므라이스 13,000 | 들기름 육회파스타 16,000 | 함박 스테이크 15,000 | 하우스 스테이크 35,000 | 새우 포케 12,000 | 스테이크 포케 14,000 | 프렌치 토스트 11,000 | 블랙트러플파스타 14,000 | 라구 볼로네제 15,000 | 감바스 알리오 올리오 13,000 | 로제 찜닭 리조또 13,000 | 오야꼬동(닭고기 덮밥) 9,500 | 우삼겹 덮밥 9,500 | 우삼겹 샐러드 10,900 | 에이드 5,000",121
143,세광양대창 성수점,02-464-4201,고기집, 아차산로 122,매일 12:00~00:00 24:00 마감,http://sgfco.kr,"모듬구이(꽃대창+대창+막창+특양) 45,000 | 꽃대창구이 (150g) 12,000 | 대창구이 (200g) 14,000 | 막창구이 (180g) 13,000 | 특양구이 (130g) 19,000 | 소갈비(220g) 23,000 | 채끝등심(150g) 36,000 | 곱창전골 17,000 | 양볶음밥(2인 분량) 13,000 | 김치우동 7,000 | 냉면(물/비빔) 7,000 | 계란찜 3,000 | [점심특선메뉴] 낙지볶음 8,000 | [점심특선메뉴] 불낙전골 9,000 | [점심특선메뉴]냉면(물/비빔) 7,000 | [점심메뉴]돼지불백 7,000 | [점심메뉴]김치부대전골 8,000 | 김치찌개 7,000",120
144,코코카이,010-6309-4629,펍, 연무장길 35 2F,일요일 11:30~23:00  11:30~17:00 LUNCH / 17:00~23:00 WINE BAR | 토요일 11:30~23:00  11:30~17:00 LUNCH / 17:00~23:00 WINE BAR | 금요일 11:30~23:00  11:30~17:00 LUNCH / 17:00~23:00 WINE BAR | 목요일 11:30~23:00  11:30~17:00 LUNCH / 17:00~23:00 WINE BAR | 수요일 11:30~23:00  11:30~17:00 LUNCH / 17:00~23:00 WINE BAR | 화요일 11:30~23:00  11:30~17:00 LUNCH / 17:00~23:00 WINE BAR,http://instagram.com/kokokai_flowernwine,"치즈 플래터 24,000 | 관자 튀김 14,000 | 라구 파스타 20,000",119
145,성수옥상,010-7597-3723,펍, 연무장17길 5 4층,토요일 17:00~01:00 | 금요일 17:00~01:00 | 목요일 17:00~00:00 | 수요일 17:00~00:00 | 화요일 17:00~00:00 | 월요일 17:00~00:00 | 일요일 17:00~00:00,http://instagram.com/seongsu_oksang,"그릭베리 18,000 | 수비드 항정살 15,000 | 수비드 갈빗살 16,000 | 그릭나나 10,000 | 바질 페스토 파스타 15,000 | 명란 알리오 올리오 파스타 13,000 | 잭허니 아이스크림 8,000",117
146,안주나라,02-466-2702,펍, 동일로18길 23,매일 15:00~04:30 연중무휴,,"홍어삼합 60,000 | 백합탕 30,000 | 홍어애탕 30,000",116
147,솔솥 성수점,010-2046-1130,한식, 연무장5가길 24 솔솥 성수점,,,"스테이크솥밥 15,000 | 도미관자솥밥 15,000 | 전복솥밥 15,000 | 장어솥밥 24,000 | 꼬막솥밥 13,000 | 직접만든 새우튀김 6,500 | 연어사시미 7,500",113
148,청춘고깃간,010-4245-4757,고기집, 아차산로 96,토요일 16:00~02:00 주문마감 01:00 | 금요일 16:00~02:00 주문마감 01:00 | 목요일 16:00~02:00 주문마감 01:00 | 수요일 16:00~02:00 주문마감 01:00 | 화요일 16:00~02:00 주문마감 01:00 | 월요일 16:00~02:00 주문마감 01:00,,"삼겹살3인분+된장찌개+볶음밥1 33,000 | 돼지한마리 47,000 | 육회 한접시(189g) 20,000 | 볶음밥 2,000",112
149,퍼틴 성수점,070-8777-6589,아시안식, 아차산로 126,매일 10:00~21:00 매주 일요일휴무,,"직화 쌀국수 9,000 | 프리미엄쌀국수 10,000 | 곱창쌀국수 13,000 | 분짜 13,500",112
150,홍야동양꼬치 훠궈무한리필,010-8004-0825,중식, 동일로18길 23,"매일 14:00~02:00 휴무일: 첫째, 세째주 화요일 | 매일 23:30~24:00 마지막 주문 시간",,"양꼬치+훠궈 무한리필 20,900 | 훠궈 무한리필 17,900 | 양꼬치 무한리필 18,900",111
151,핵밥 성수점,02-6085-7040,일식, 성수이로 126 1층,평일 11:00~20:00 Break time 15:00 - 17:00 | 토요일 11:00~19:00 | 일요일 휴무,http://www.hecbob.com,"돼지갈비양념덮밥(목전지) 9,900 | 스테이크덮밥 10,900 | 소고기덮밥 10,900 | 우삼겹덮밥 10,900 | 고기듬뿍덮밥 10,500 | 목살덮밥 8,900 | 매운항정살덮밥 9,900 | 치킨마요덮밥 7,900 | 장어덮밥 15,000 | 소고기간장계란밥 7,900 | 연어덮밥 10,900 | 연어장덮밥 10,900 | 닭갈비덮밥 8,900 | 납작대창덮밥 11,900 | 스테이크샐러드덮밥 12,900 | 닭가슴살샐러드덮밥 8,900 | 생연어샐러드덮밥 12,900 | 목살샐러드덮밥 9,900 | 훈제오리샐러드덮밥 10,900",110
152,훈춘양꼬치,02-464-6808,중식, 아차산로34길 38,매일 11:00~01:30,,"양꼬치 10p 13,000 | 마라양꼬치 10p 13,000 | 송아지갈비살 10p 15,000 | 양갈비살 10p 15,000 | 고급양갈비 300g 24,000 | 양지머리 10p 20,000 | 오돌뼈 10p 12,000 | 닭똥집 10p 12,000 | 소혈관 10p 12,000 | 새우 10마리 12,000 | 메추리 10,000 | 찹쌀탕수육 小 10,000 | 찹쌀탕수육 中 15,000 | 고기가지튀김 13,000 | 육단가지볶음 13,000 | 어향가지 15,000 | 지삼선 13,000 | 깐풍기 13,000 | 왕새우튀김 15,000 | 콜라닭날개 13,000 | 마라향과 25,000 | 해물누룽지 13,000 | 경장육사 13,000 | 어향육사 13,000 | 향라육사 15,000 | 새우청경채볶음 13,000 | 건두부볶음 10,000 | 마파두부 10,000 | 계란토마토 10,000 | 계란부추볶음 10,000 | 온면 6,000 | 냉면 7,000 | 마라탕 7,000 | 새우살볶음밥 8,000 | 양탕 8,000 | 물만두 7,000 | 해물짬뽕 10,000 | 가지볶음밥 7,000 | 계란볶음밥 6,000 | 양고기마라탕 10,000 | 새우살군만두 8,000 | 풍미볶음면 7,000 | 꽃빵 5,000 | 훈둔 7,000 | 훈춘비빔면 7,000",109
153,미즈라,02-6223-1072,펍, 아차산로7길 36 1층,토요일 17:30~01:00 | 월요일 17:30~01:00 | 화요일 17:30~01:00 | 수요일 17:30~01:00 | 목요일 17:30~01:00 | 금요일 17:30~01:00 | 평일 17:30~01:00 | 일요일 휴무,https://www.instagram.com/mizura_m/,"10종 사시미(2인기준) 43,000 | 스키야끼 28,000 | 모듬꼬치 10종 27,500 | 멘치카츠 17,000",109
154,천수호프,02-463-1833,펍, 동일로18길 57 2층,매일 13:00~02:30,,"중화새우튀김 18,000 | 편대구 2,500 | 골뱅이 19,000 | 소고기파무침 18,000 | 쯔란오돌뼈 18,000 | 바지락볶음 18,000 | 지삼선 16,000 | 닭날개 16,000 | 아이스황도 7,000 | 통오징어샐러드 16,000 | 나가사끼짬뽕 15,000 | 수제새우튀김 18,000 | 새송이무침 15,000 | 소고기조림 18,000 | 경장육사 16,000 | 꼴뚜기볶음 17,000 | 우삼겹숙주볶음 15,000",108
155,쭈꾸미도사 성수점,02-414-4991,한식, 아차산로 110 1층쭈꾸미도사,목요일 11:00~23:00 평일p.m3~4:30  잠시 쉽니다 | 수요일 11:00~23:00 평일p.m3~4:30  잠시 쉽니다 | 화요일 11:00~23:00 평일p.m3~4:30  잠시 쉽니다 | 월요일 11:00~23:00 평일p.m3~4:30  잠시 쉽니다 | 금요일 11:00~23:00 평일p.m3~4:30  잠시 쉽니다 | 토요일 13:00~23:00 오후1시부터영업합니다 | 일요일 00:00~23:00 휴무,,"대창 쭈꾸미 17,000 | 쭈곱새 15,000 | 오리지널 쭈꾸미 14,000 | 육전 10,000 | 치새볼 6,000 | 계란찜 5,000 | 삼겹쭈꾸미 15,000",106
156,파티세리후르츠,02-6956-1910,카페/디저트, 아차산로5길 37-1 1층,평일 12:00~19:00 | 토요일 12:00~19:00 | 일요일 휴무,https://www.instagram.com/patisserie.fruits,Tarte aux Fruits 변동가격(업주문의) | Fruits Mousse 변동가격(업주문의),105
157,치우,02-462-6587,양식, 연무장7길 7 2층,토요일 11:30~23:00 | 금요일 11:30~23:00 | 목요일 11:30~23:00 | 수요일 11:30~23:00 | 화요일 11:30~23:00 | 월요일 11:30~23:00 | 일요일 00:00~24:00 휴무,http://instagram.com/cheewoo772,"살치살 스테이크 35,000 | 토마토&리조또 19,000 | 쉬림프 파스타 18,000 | 양송이 폭탄 12,000 | 에스까르고 17,000 | 뇨끼 18,000",105
158,오와리 본점,010-7707-9512,펍, 연무장길 13 1층 오와리,"일요일 16:00~01:00 금,토,일 16:00 오픈~ | 금요일 16:00~01:00 금,토,일 16:00 오픈~ | 토요일 16:00~01:00 금,토,일 16:00 오픈~ | 목요일 17:00~01:00 | 수요일 17:00~01:00 | 화요일 17:00~01:00 | 월요일 17:00~01:00",https://www.instagram.com/owari_seoul,"오와리오뎅 1,500 | 명란치킨크림우동 18,000 | 유린기 20,000 | 칠리새우 22,000 | 오와리메뉴 19,000 | 규스지오뎅탕 29,000 | 오와리 야끼소바 18,000 | 이카게소국물떡볶이 16,000 | 연어사시미 21,000 | 명란구이 9,500 | 시사모구이 9,500 | 타코와사비 9,500 | 치즈떡구이 9,500 | 청어알쌈 18,000",104
159,고운 돈카츠,02-464-4004,일식, 아차산로 92 1층 105호,수요일 11:00~21:00 15:00~17:00(L.O:14:30)브레이크타임입니다. | 화요일 11:00~21:00 15:00~17:00(L.O:14:30)브레이크타임입니다. | 월요일 11:00~21:00 15:00~17:00(L.O:14:30)브레이크타임입니다. | 목요일 11:00~21:00 15:00~17:00(L.O:14:30)브레이크타임입니다. | 금요일 11:00~21:00 15:00~17:00(L.O:14:30)브레이크타임입니다. | 토요일 11:00~15:00 | 일요일 휴무,https://gowooncutlet.modoo.at,"등심카츠 11,000 | 안심카츠 12,000 | 치킨텐더 2,500 | 특 등심카츠  16,000 | 특 안심카츠 17,000",102
160,해월양꼬치샤브샤브 건대본점,02-462-5450,중식, 동일로18길 51 옥동빌딩,매일 00:00~24:00 코로나로 10시~22시까지 영업,,"양꼬치 13,000 | 양진 13,000 | 양갈비살 15,000 | 양쪽갈비 15,000 | 양갈비 25,000 | 탕수육 15,000 | 경장육슬 15,000 | 칠리새우 18,000 | 철판소고기 18,000 | 책갑볶음 18,000 | 메추리튀김 15,000 | 개구리다리튀김 18,000 | 불뉴두(책갑) 18,000 | 풍미심변볶음 15,000 | 가지감자볶음 15,000 | 건두부볶음 12,000 | 게살브로커리볶음 15,000 | 마파두부 10,000 | 샤브샤브 35,000 | 순대 12,000 | 감자전 12,000 | 양탕 12,000",100
161,천수곱창,02-499-0006,고기집, 아차산로 96 신성빌딩,평일 13:00~01:00 연중무휴 | 토요일 13:00~01:00 | 공휴일 12:00~24:00,http://blog.naver.com/kdhee0911,"모둠곱창 대(4인분) 70,000 | 모둠곱창 중 (3인분) 60,000 | 모둠곱창 소(2인분) 50,000 | 양구이 1인분 33,000 | 막창구이 1인분 25,000 | 염통구이 1인분 10,000 | 양볶음밥 2인기준 20,000 | 일반 볶음밥 2인기준 4,000 | 점심특선북어회냉면 8,000 | 점심특선물냉면 8,000 | 점심특선콩국수 8,000 | 모듬구이 29,000 | 소막창 29,000 | 소곱창 22,000 | 대창 29,000 | 또먹겠지김치찌개 7,000 | 염통 15,000 | 특양구이 35,000",100
162,동구식당,02-4670-3333,한식, 연무장길 17 1층,토요일 11:30~00:00 | 금요일 11:30~00:00 | 목요일 11:30~00:00 | 수요일 11:30~00:00 | 화요일 11:30~00:00 | 월요일 11:30~00:00 | 일요일 13:00~22:00,http://instagram.com/donggu_2020,"매콤갈비찜 35,000 | 참소라숙회 29,000 | 한우육회 23,000 | 명란감자전 19,000 | 동구라면 7,000 | 옛날떡구이 5,000 | 고슬밥 3,000 | 닭구이 19,000 | 민어조림 21,000 | 동구 칼국수 7,000 | 장칼국수 8,000 | 납작만두 3,000",99
163,미도,02-461-5167,일식, 아차산로 113 삼진빌딩,매일 11:30~22:30 | 매일 15:00~17:00 Break time | 일요일 휴무,,"정식 20,000 | 특정식 26,000 | 장어정식 26,000 | 모듬초밥 15,000 | 생대구탕 14,000 | 생대구지리 14,000 | 알탕 8,000 | 대구탕 8,000 | 회덮밥 7,000 | 알밥 7,000",98
164,해물썬,02-2138-8949,씨푸드, 아차산로 91 현진빌딩 2층,평일 11:30~14:30 Lunch Time | 평일 16:30~11:00 Dinner Time | 토요일 15:00~22:30 | 일요일 휴무,http://blog.naver.com/ninesbss,"조개전골(소) 39,000 | 해물썬 감바스 13,900 | 소고기 스키야키 칼국수 8,000 | 크림새우 16,900 | 낙.곱.새 29,000",97
165,해피니스디저트,010-4295-2600,카페/디저트, 아차산로30길 31 Happiness Dessert 妖开心甜品,매일 12:00~23:00 22:30음료마감,https://www.facebook.com/%ED%95%B4%ED%94%BC%EB%8B%88%EC%8A%A4-%EB%94%94%EC%A0%80%ED%8A%B8-Happiness-Dessert-%E5%A6%96%E5%BC%80%E5%BF%83%E7%94%9C%E5%93%81-311022449499808/,"대만식 타로볼 녹은빙수 · 芋圆 7,000 | 양즈간루 디저트 · 杨枝甘露甜品 6,000 | 버블 밀크티 · 奶茶 변동가격(업주문의) | 홍콩식 우유푸딩 · 双皮奶 4,000 | 크레이프 · 千层 변동가격(업주문의) | 롤케익 · 毛巾卷 변동가격(업주문의) | 홍콩식 팬케익 · 班戟 변동가격(업주문의) | 케익 · 蛋糕 변동가격(업주문의) | 모찌 · 雪媚娘 변동가격(업주문의) | 대만식 화과자 · 酥糕点 3,500 | 로우쏭 케익 · 肉松系列 변동가격(업주문의) | 크렘 브륄레 · 焦糖布蕾 3,500 | 코코넛 푸딩 · 椰奶冻 4,000 | 두유 케이크 · 豆乳盒子 7,000 | 아메리카노 3,000",96
166,풍조미역,02-466-6665,한식, 성수일로8길 60 1층,매일 11:30~23:00 브레이크 타임 15:00~ 17:30,,"전복조개 미역국 15,000 | 소갈비 미역국 13,000 | 전복 성게 미역국 19,000 | 전복 소갈비 미역국 18,000 | 해산물해초비빔밥 12,000 | 성게알해초비빔밥 14,000 | 멍게비빔밥 10,000 | 해물알탕 32,000 | 한치숙회무침 16,000",94
167,김뚜껑부대찌개 본점,02-466-4695,한식, 아차산로7길 29 성광빌딩,매일 11:00~22:00 매월 마지막주 일요일 휴무,,"김뚜껑 부대찌개 8,000 | 베이컨부대찌개 9,500 | 페퍼로니부대찌개 9,500 | 김뚜껑부대볶음 9,000 | 페퍼로니부대볶음 10,500 | 베이컨부대볶음 10,500 | 스페셜찌개 중 29,500 | 스페셜찌개 대 40,000 | 스페셜볶음 중 34,000 | 스페셜볶음 대 44,000 | 소불고기버섯전골 12,500 | 제육볶음 6,000 | 베이컨+페퍼로니 부대찌개 9,500 | 베이컨+페퍼로니 부대볶음 10,500",93
168,다모토리혼,02-466-1615,펍, 성수일로8길 53 2층,매일 14:00~23:00 주방마감 22:00 / 일요일(명절)휴무,,"김포예주 29,000",93
169,하오마라,010-9418-5198,중식, 연무장5가길 25 2층 210호,매일 10:00~22:00,,"마라탕(담백한맛) 8,000 | 마라탕(매운맛) 8,000 | 마라샹궈 15,000 | 향라치킨 18,000 | 향라새우 20,000 | 새우볶음밥 8,000",93
170,낭만순대 성수역본점,02-461-0700,한식, 아차산로 107 1층 낭만순대,매일 00:00~24:00 | 일요일 20:30~09:00 휴무,http://www.romanticsausage.com,"순대국 8,000 | 토마토순대국 10,000 | 뼈해장국 8,000 | 황태콩나물해장국 7,000 | 치즈돈까스 8,000 | 등심돈까스 7,000 | 고구마치즈돈까스 8,000",91
171,버터스쿱,070-0000-6666,카페/디저트, 광나루로 290 2층 버터스쿱,매일 12:00~20:00 라스트오더 19:30,http://instagram.com/butter.scoop,"아메리카노 5,000",87
172,산메촌 성수본점,02-461-7222,한식, 성수일로8길 59 1층,일요일 11:00~21:00 LAST ORDER 21:00 | 월요일 11:00~21:00 LAST ORDER 21:00 | 화요일 11:00~21:00 LAST ORDER 21:00 | 수요일 11:00~21:00 LAST ORDER 21:00 | 목요일 11:00~21:00 LAST ORDER 21:00 | 금요일 11:00~21:00 LAST ORDER 21:00,,"메밀 물막국수 8,000 | 메밀 코다리회막국수 10,000 | 메밀 비빔막국수 8,000 | 메밀꿩만두 4,000 | 코다리수육 27,000 | 코다리수육(1인) 10,000 | 메밀전 2장 8,000 | 메밀전 3장  12,000",86
173,스테치,010-8317-0288,카페/디저트, 연무장9길 6,매일 11:00~21:00,https://www.instagram.com/stetch_official,"아메리카노 4,500 | 필터 커피 5,500",85
174,사계,070-4379-2758,펍, 연무장13길 19 1층,금요일 17:30~23:00 일요일 휴무 | 목요일 17:30~23:00 일요일 휴무 | 수요일 17:30~23:00 일요일 휴무 | 화요일 17:30~23:00 일요일 휴무 | 월요일 17:30~23:00 일요일 휴무 | 토요일 16:00~23:00 일요일 휴무,http://app.catchtable.co.kr/ct/shop/seasons,"항정살 28,000 | 문어국수 18,000 | 피조개무침 16,000 | 열기구이 18,000 | 알배추구이 12,000 | 곶감치즈 16,000 | 통삼겹찜 24,000",83
175,스미토라,02-6406-1119,일식, 연무장길 29-9 1층,금요일 17:00~00:00 | 목요일 17:00~00:00 | 수요일 17:00~00:00 | 화요일 17:00~00:00 | 월요일 17:00~00:00 | 평일 17:00~00:00 | 토요일 17:00~00:00 | 일요일 휴무 첫번째 세번째 월요일 휴무,http://www.instagram.com/tora14.47,"디너오마카세 59,000 | 단품요리 12~25,000",79
176,마르코웤스,010-9924-5021,카페/디저트, 아차산로11길 26,평일 08:00~18:00,https://marcoworks.modoo.at,"아메리카노 4,000 | 에스프레소 4,000 | 카페라떼 4,500 | 바닐라라떼 5,000 | 초코라떼 4,000 | 콜드브루 4,500 | 카페오레 5,000",78
177,광장족발 본가,02-463-5800,한식, 아차산로 96 신성빌딩,,,"광장족발 (특대/국내산) 43,000 | 광장족발 (대/국내산) 38,000 | 광장족발 (중/국내산) 33,000 | 광장족발 (미니/국내산) 18,000 | 쟁반국수 15,000 | 녹두전 12,000 | 왕만두 5,000 | 육개장 6,000",78
178,탕화쿵푸마라탕 성수동지점,02-3499-4466,중식, 성수일로10길 26 하우스티세종타워 2층,매일 11:00~21:30 | 토요일 휴무,,"마라탕100g 1,700 | 마라향궈100g 3,000 | 꿔바로우 15,000 | 량피 7,000 | 계란볶음밥 7,000 | 운남쌀국수 9,000 | 볶음면 8,000",76
179,카페라니,02-462-1025,카페/디저트, 연무장5가길 14,평일 07:30~18:00 | 주말 12:00~18:00,http://www.instagram.com/cafe_rani,"아메리카노 ( 노체 / 디아 ) 4,000 | 카페라떼 4,500 | 바다라떼 6,000 | 흑임자 카페라떼 6,000 | 코코넛커피스무디 6,000",76
180,이키나리돈부리,02-465-3555,일식, 아차산로7길 36 1층 (나)호,토요일 11:30~21:00 close time 3시~5시반 | 금요일 11:30~21:00 close time 3시~5시반 | 목요일 11:30~21:00 close time 3시~5시반 | 수요일 11:30~21:00 close time 3시~5시반 | 화요일 11:30~21:00 close time 3시~5시반 | 월요일 11:30~21:00 close time 3시~5시반,,"수제생등심돈까스 8,000 | 돈까스덮밥 8,500 | 간장새우장덮밥 8,500 | 연어덮밥 12,000",74
181,토리아에즈,02-466-9105,일식, 아차산로7길 7 1층,평일 18:00~00:00 | 주말 17:00~00:00,https://www.instagram.com/toriaejeu_seongsu,"제임슨하이볼 6,000 | 발렌타인하이볼 6,000 | 토리사케 27,000 | 팽이말이 2,500 | 쯔쿠네 4,000 | 레몬하이볼 5,000 | 닭 껍질 1p 1,700 | 계란구이 1p 2,000 | 아스파라거스 1p 3,000 | 모찌말이 2,500 | 네기마(파) 1,900 | 은행 1p 1,500 | 명란 4,000 | 마늘 1,300 | 닭날개 2,200 | 시소하이볼 5,000 | 산토리하이볼 7,000 | 옥수수 1,900 | 꼬치밥 4,000 | 생맥주 5,000 | 짐빔하이볼 5,000 | 진저하이볼 5,000 | 히레사케 5,000 | 도쿠리 냉/온 7,000 | 계란밥 3,000 | 명란밥 4,500 | 주먹밥 3,000 | 유부시루 1,500 | 오이된장 2,000 | 새우 3,500 | 관자 2,500 | 노가리 3,000 | 시샤모 3,000 | 토마토말이 3,000 | 소시지 2,000 | 양송이 1p 1,700 | 무릎연골 2,000 | 척추 1,500 | 가슴연골 2,000 | 염통 1,300 | 목살 1,900 | 모래집 1,400 | 허벅지 2,000",74
182,성수BONE 성수동한우짝갈비,02-6348-0787,고기집, 아차산로 126 더리브세종타워 지1층105호,일요일 휴무 | 금요일 11:30~22:00 평일 11시30분~3시까지는 점심메뉴만 가능합니다.(월~금) | 월요일 11:30~22:00 평일 11시30분~3시까지는 점심메뉴만 가능합니다.(월~금) | 평일 11:30~22:00 평일 11시30분~3시까지는 점심메뉴만 가능합니다.(월~금) | 토요일 11:30~21:00 Break Time 없습니다.,http://instagram.com/sungsu_bone,"한우구이 27,000 | 육회비빔밥(한우) 11,000 | 갈비탕 13,000",73
183,에그드랍 성수역점,02-499-8162,양식, 아차산로7길 9-2 1층,평일 08:30~21:00 | 주말 09:00~21:00,http://www.instagram.com/eggdrop_seongsu,"미스터에그 2,900 | 아메리칸햄치즈 3,600 | 베이컨더블치즈 3,900 | 데리야끼바베큐 4,400 | 아보홀릭 4,600 | 타마고산도 3,900 | 갈릭 베이컨 치즈 4,400 | 사케라또 2,900",73
184,멘야마쯔리 성수점,02-466-6022,일식, 연무장5가길 25 SK V1타워 1층 111호,매일 11:00~21:00 브레이크타임15:00~16:00 | 일요일 휴무,http://instagram.com/menyamatsuri_sungsu,"돈코츠라멘 9,000 | 카라구찌라멘 9,000 | 미소라멘 9,000 | 마제소바 9,500 | 화산라멘 9,500 | 츠케멘 9,500 | 오코노미야끼 10,000 | 차슈차항 7,000 | 수제교자 4,500",72
185,오설록티하우스 아모레 성수점,02-461-7832,카페/디저트, 아차산로11길 7,월요일 휴무 | 화요일 10:30~20:30 | 수요일 10:30~20:30 | 목요일 10:30~20:30 | 금요일 10:30~20:30 | 주말 10:30~20:30,,"세작 6,300 | 오! 성수 버블 녹차 라떼(HOT) 6,500 | 오! 성수 버블 녹차 오프레도(ICE) 7,800",72
186,수완카페앤베이커리,010-4480-7515,카페/디저트, 아차산로30길 39 1층 SuWan Cafe&Bakery,,https://www.instagram.com/cafe.suwan,"생일축하 홀케이크 34,000 | 딸기듬뿍 미니 케이크 14,000 | 초코랑이 6,500 | 수완시그니처 바나나크림푸딩 5,500 | 딸기생크림케이크 6,800 | 바스크치즈케이크 7,000 | 귀여운 쫀득 쿠키 2,800 | 버터 크림 라떼 6,000 | 스콘 2,500 | 아메리카노 4,500 | 카페라떼 5,000 | 카라멜마끼야또 5,500 | 오렌지 에이드 5,500 | 멘드라미 꽃 에이드 5,500 | 펜지 꽃 에이드 5,500 | 청포도 에이드 5,500",70
187,담미온 성수점,02-466-9288,한식, 성수이로 118 성수아카데미타워,매일 00:00~24:00 일요일 밤에는 쉽니다 | 공휴일 00:00~24:00 일요일 밤에는 쉽니다,http://www.dammion.com,"수육국밥  보 8,000 | 순대국밥  보 8,000 | 얼큰국밥  보 8,500 | 부대찌개수육국밥  보 8,500 | 김치수육국밥 8,500 | 나가사끼수육국밥 8,500 | 수육곰탕 8,500 | 뼈해장국 9,000 | 고기덮밥 8,500 | 수육정식 13,000 | 순대정식 13,000 | 보쌈정식 11,000 | 정식추가 5,000 | 감자탕 30,000 | 곱창전골 25,000 | 순대볶음 35,000 | 착한보쌈 20,000 | 보쌈 35,000 | 마늘보쌈 40,000 | 불껍데기 15,000 | 담미온모듬 45,000 | 토종순대 소 6,000 | 토종순대 대 10,000 | 편육 소 6,000 | 편육 대 10,000 | 어리굴젓추가 5,000 | 수육국밥  특 10,000 | 순두부수육국밥 8,500 | 고기주는냉면 8,000 | 감자만두6개 3,000",69
188,RSG 성수,010-4228-4289,카페/디저트, 연무장15길 11 C동 110호,매일 11:00~02:00,https://instagram.com/rsg_seongsu?utm_medium=copy_link,"드립커피 핫 5,000 | 딸빙스무디 6,000 | 흑당버블라떼 5,000 | 에이드 트로피컬/레몬 5,000 | 아아 4,500",69
189,메콩타이 성수역점,02-462-2001,아시안식, 아차산로 103 1층,평일 11:00~22:00 | 일요일 휴무 | 토요일 11:00~21:00,http://www.mekongthai.co.kr/,"소고기쌀국수 9,800 | 톰얌쌀국수 11,900 | 나시고렝 11,800 | 파인애플볶음밥 10,800 | 매운해물팟타이 12,900 | 월남쌈(R) 34,800",69
190,슬랙,02-466-2230,양식, 아차산로7나길 14 1층,평일 08:30~23:00 15:00~17:00 break time | 주말 휴무,https://www.instagram.com/slagravine,"슬랙 샐러드 9,000 | 시저 샐러드 16,000 | 리코타치즈 샐러드 17,000 | 알리오 올리오 12,000 | 뽈뽀 오일 파스타 22,000 | 정통 까르보나라 18,000 | 시금치 크림 파스타 15,000 | 명란 크림 파스타 18,000 | 크리미 머쉬룸 파케리 23,000 | 그리너리 항정살 크림 파스타 27,000 | 감베로니 토마토 빠쉐 파스타 17,000 | 베이컨 토마토 파스타 17,000 | 찹스테이크 덮밥 19,000 | 고르곤졸라 피자 17,000 | 할라피뇨 피자 19,000 | 하몽 샐러드 피자 24,000 | 뽈뽀 감바스 알 아히요 26,000 | 항정살 스테이크 32,000 | 찹스테이크 33,000 | 슈바인 학센 34,000 | 오븐 치즈 나쵸 18,000 | 버팔로 윙&나쵸 18,000 | 먹태 18,000 | 멜론&하몽 24,000 | 치즈 플래터 28,000 | 에스프레소 4,000 | 아메리카노 4,000 | 카페라떼 4,600 | 플랫화이트 4,600 | 카푸치노 4,600 | 바닐라라떼 5,300 | 카페모카 5,300 | 카라멜마끼아또 5,300 | 밀크티 5,300 | 다크초코라떼 5,300 | 토피넛라떼 5,300 | 딸기 요거트 스무디 5,800 | 블루베리 요거트 스무디 5,800 | 청포도 요거트 스무디 5,800 | 바닐라슬랙치노 5,800 | 다크초코 슬랙치노 5,800 | 자바칩 슬랙치노 5,800 | 카라멜 슬랙치노 5,800 | 레몬에이드 5,300 | 자몽에이드 5,300 | 플레인 크로플 3,600 | 애플시나몬 크로플 4,800 | 브라운치즈&아이스크림 크로플 6,600",69
191,room dxyz,010-6837-6865,펍, 연무장9길 4 3층,"화요일 18:00~24:00 일,월 휴무 | 금요일 18:00~24:00 일,월 휴무 | 목요일 18:00~24:00 일,월 휴무 | 수요일 18:00~24:00 일,월 휴무 | 토요일 14:00~24:00",http://instagram.com/dx_yz,"타이거 맥주 7,000 | 조롱하이 8,000 | 보자보자 하니끄 8,000 | 띤또 8,000",69
192,숲속식사 철판볶음밥,02-2223-2123,한식, 연무장5가길 7,평일 11:00~20:00 재료 소진시 일찍 마감합니다.,,"숲 볶음밥(대표메뉴) 10,000 | 성수동 볶음밥(나시고랭)*저녁메뉴 9,500 | 치킨데리야끼 볶음밥 9,500 | 해물날치알 볶음밥 9,500 | 김치소고기 볶음밥(인기) 8,500 | 김치치즈 볶음밥 9,000 | 쏘세지야채 볶음밥(인기) 9,000 | 매운 비건 볶음밥 8,500",69
193,구수하당,010-8251-1746,카페/디저트, 광나루로4길 8-1 1층 가운데 점포,일요일 휴무 | 화요일 휴무 | 월요일 휴무 | 토요일 11:00~18:00 수목금토 11시부터 6시 | 금요일 11:00~18:00 수목금토 11시부터 6시 | 목요일 11:00~18:00 수목금토 11시부터 6시 | 수요일 11:00~18:00 수목금토 11시부터 6시,https://smartstore.naver.com/goosoohadang,"비건케이크 6,500 | 드립커피 3,500 | 더치커피 4,000 | 녹차 4,000 | 스위트카페오레 4,500 | 둥굴레몬에이드 4,500",68
194,라 파밀리아,02-2218-5750,양식, 능동로 90 더클래식500 A동 6층,평일 12:00~01:00 | 주말 12:00~23:00,http://www.pentaz.co.kr/restaurant/rose.do,"마르게리타 플렛브레드 피자 30,000 | 고트치즈 까넬로니 25,000 | 리가토니 파스타 28,000 | 토마토를 곁들인 부라타 치즈 샐러드 25,000 | 가지 그라탕 24,000 | 전복리조또 28,000 | 해산물 라구 30,000 | 블랙 타이거 새우와 포르치니 버섯 리조또 28,000 | 봉골레 파스타 25,000 | 까르보나라 파스타 25,000",68
195,도죠,02-498-1255,일식, 성수이로 126,평일 11:30~22:00 14:30~17:30 Break Time 21:00 Last Order | 토요일 11:30~22:00 14:30~17:30 Break Time 21:00 Last Order | 일요일 휴무,,"사케동 변동가격(업주문의) | 유케동 간장 8,500 | 유케동 고추장 8,500 | 규동 8,500 | 가츠동 7,500 | 믹스동 9,000 | 나가사끼 짬뽕 8,500 | 쿠로마유 라멘 8,000 | 카라미소 라멘 8,000 | 탄탄멘 8,000 | 에비가츠나베 8,500 | 연어사시미 변동가격(업주문의) | 육회안주 15,000 | 치킨 가라아게 13,000 | 유린기 14,000 | 오꼬노미야끼 14,000 | 야끼소바 10,000 | 에비마요 14,000 | 어향가지 14,000 | 오뎅나베 14,000 | 타코야끼 6,000 | 고로케 변동가격(업주문의) | 타코와사비 7,500 | 소라와사비 7,500",66
196,일루오리,02-415-5292,한식, 성수일로8길 40,매일 12:00~22:00 15:00 ~ 17:00 브레이크 타임입니다.,,"생오리 한마리 43,000 | 생오리 반마리 28,000 | 양념오리 한마리 49,000 | 양념오리 반마리 31,000 | 모듬오리2 52,000 | 모듬오리3 63,000",64
197,베러초이스,070-7773-2018,카페/디저트, 연무장5길 9-13 2층,매일 12:00~21:00 | 일요일 12:00~21:00 | 토요일 12:00~21:00 | 금요일 12:00~21:00 | 목요일 12:00~21:00 | 수요일 12:00~21:00 | 화요일 12:00~21:00 | 월요일 12:00~21:00,https://blog.naver.com/betterchoice_kr,"비건 앙금빵 3,000",64
198,경양카츠 성수점,,일식, 연무장7가길 1,평일 11:00~13:40 | 토요일 휴무 | 일요일 12:00~20:00 break time 3:30~5:30,,"갈릭카츠 12,400 | 안심카츠 13,900 | 등심카츠 14,400 | 치즈카츠 14,400 | 안심x등심카츠 15,400 | 특등심카츠 18,400",63
199,한서칼국수,02-467-2527,한식, 연무장7길 16 한서빌딩 B1층,평일 11:00~21:00 | 토요일 11:00~16:00 일요일 휴무,,"손칼국수 8,000 | 냉국수 9,000 | 콩국수 9,000 | 수육 중 25,000 | 수육 대 30,000",62
200,로우커피스탠드 성수점,02-499-2387,카페, 연무장길 94 1층,목요일 08:00~16:40 | 수요일 08:00~16:40 | 화요일 08:00~16:40 | 금요일 08:00~16:40 | 월요일 08:00~16:40 | 일요일 10:00~16:40 | 토요일 10:00~16:40,http://instagram.com/rawcoffeestand_official,"에스프레소 2,000 | 아메리카노 2,000 | 카페라떼 2,500 | 바닐라라떼 3,000 | 카푸치노  2,500 | 티 3,500 | 밀크티 4,500 | 초코 3,000 | 콤부차 4,000",60
201,성수로운,02-498-5174,펍, 아차산로7길 28 1층,수요일 12:00~23:30 | 목요일 12:00~23:30 | 금요일 12:00~23:30 | 토요일 12:00~23:30 | 화요일 휴무 | 월요일 휴무 | 일요일 12:00~23:30,https://www.instagram.com/like_seongsu,"SEARED CABBAGE 13,000 | POTATO ROSTI 14,000 | SWEET PUMPKIN GNOCCH 16,000 | SEARED MOZZARELLA 18,000 | SALMON CARPACCHIO 20,000 | BEEF TARTARE 20,000 | COW LIVER 21,000 | LAMB RAGOUT 28,000 | POACHED SALMON 29,000 | BEEF STEAK 39,000",59
202,우야꼬칼국수파전,02-469-6301,한식, 성수일로8길 41,,,"모듬전 20,000 | 해물파전 15,000 | 굴파전 15,000 | 동그랑땡 13,000 | 굴전 12,000 | 동태전 13,000 | 김치전 12,000 | 해물김치전 14,000 | 참치김치전 14,000 | 문어숙회 17,000 | 제육볶음 15,000 | 오돌뼈 15,000 | 오징어볶음 15,000 | 곱창볶음 15,000 | 두부김치 15,000",59
203,아비꼬 성수역점,02-2641-0099,일식," 연무장5가길 25 1층 117,118호",금요일 11:00~20:30 | 목요일 11:00~20:30 | 수요일 11:00~20:30 | 화요일 11:00~20:30 | 월요일 11:00~20:30 | 일요일 11:00~20:30 | 토요일 11:00~20:30,,"기본카레라이스 6,800 | 기본카레우동 6,800 | 기본크림카레파스타 6,800 | 기본하야시라이스 6,800 | 포크세트 14,500 | 치킨세트 14,500 | 쉬림프세트 16,500 | 아비꼬 A세트 28,500 | 아비꼬 B세트 28,500",58
204,구구향훠궈 건대직영점,02-463-6789,일식, 동일로18길 62 1층,,,"훠궈샤브샤브 19,800 | 훠궈샤브샤브 (초등학생) 12,900 | 훠궈샤브샤브 (36개월~7세미만) 5,900",57
205,방춘리,02-468-0344,펍, 연무장7가길 5 1층 방춘리,매일 16:30~00:00,,"육회 19,000 | 한우육전 23,000 | 미나리보리새우전 18,000 | 수제편육 17,000",57
206,성수찜닭,02-497-3663,한식, 아차산로7길 28 1층 성수찜닭,매일 10:30~23:00,,"성수찜닭(소)반마리 20,000 | 성수찜닭(중)한마리 30,000 | 성수찜닭(대)한마리반 40,000 | 콩나물 닭볶음탕(소)반마리 20,000 | 콩나물 닭볶음탕(중)한마리 30,000 | 콩나물 닭볶음탕(대)한마리반 40,000 | 각종 사리(당면,라면,떡,감자,모둠) 2,000~5,000 | 공기밥,날치알 주먹밥,볶음밥,날치알 볶음밥 1,000~4,000 | 각종 주류 3,000~12,000",57
207,북촌손만두 성수역점,02-466-5855,한식, 아차산로7길 7 가동 1층,매일 11:00~22:00 마지막주문 21시,http://www.mandoo.so,"모듬만두 10,500 | 만둣국 8,000 | 피냉면 7,500",56
208,마블상회,02-3409-2188,고기집, 연무장7길 7 1층,평일 15:00~00:00 | 토요일 15:00~00:00 | 일요일 12:00~00:00,https://www.mangoplate.com/restaurants/7TnrGaDGcKYK?utm_source=url&utm_medium=restaurant&utm_campaign=7TnrGaDGcKYK&utm_term=v3_android,"황제주물럭 17,000 | 와규진갈비살 39,000 | 와규살치살 37,000 | 와규안거미살 29,000 | 차돌박이 18,000 | 와규육회 20,000 | 마블캔디목살 16,000 | 사잇살 16,000 | 고추장사잇살 17,000 | 흑돼지 안창살 16,000 | 듀록알밤삼겹살(듀록) 14,000 | 열무냉면(물/비빔) 7,000 | 열무비빔국수 6,000 | 열무냉모밀 8,000 | 멸치국수 6,000 | 옛날도시락 4,000",55
209,매화반점 본점,02-498-1939,중식, 동일로18길 105,토요일 11:30~00:00 | 금요일 11:30~00:00 | 목요일 11:30~00:00 | 수요일 11:30~00:00 | 화요일 11:30~00:00 | 월요일 11:30~00:00 | 일요일 11:30~00:00 | 매일 11:30~00:00,,"양꼬치 14,000 | 크림새우 15,000 | 가지튀김 11,000 | 레몬새우 15,000 | 유림기 15,000 | 양갈비 20,000 | 꿔바로우 13,000",55
210,시골가마솥삼겹살,02-461-1559,고기집, 성수이로 108 보성빌딩 2층,매일 10:00~23:00 일요일.공휴일에는 오후 3시open.토요일 .일요일은 오후 10시까지영업합니다,http://blog.naver.com/cozmos_7,"삼겹살1인분 14,000 | 오겹살1인분 14,000 | 김치전골(찌게.점심메뉴 8,000 | 김치찜(점심메뉴) 8,000 | 열무냉면 7,000 | 열무국수 6,000 | 묵사발 7,000 | 비빔냉면 7,000 | 물냉면 7,000",55
211,전통숯불꼼장어,02-497-9281,한식, 아차산로 116 삼연빌딩 108호 전통숯불꼼장어,"평일 15:30~22:30 일요일,둘째,넷째토요일 휴무 오후22:30  공휴일,토요일에 일찍  마감할수  있습니다",,"잔치국수 5,000 | 꼼장어 13,000 | 소금구이 꼼장어 13,000 | 갈비살 15,000",53
212,기와르,02-499-0794,카페, 광나루로 233 2층,토요일 11:00~21:00 | 금요일 11:00~21:00 | 목요일 11:00~21:00 | 수요일 11:00~21:00 | 월요일 11:00~21:00 | 일요일 11:00~21:00 | 화요일 휴무,http://instagram.com/_kiwaru,"생딸기케이크 7,500 | 스콘 4,500 | 복숭아 6,000 | 라즈베리 6,000 | 아메리카노 4,500 | 카페라떼 5,000 | 바닐라카페라떼 5,300 | 화이트모카 5,500 | 레몬바질 6,000",53
213,마아트 커피 브루어스,010-9990-6183,카페/디저트, 광나루로4길 9 1층 MAAT 커피 브루어스,일요일 휴무 | 금요일 09:00~21:00 | 토요일 09:00~21:00 | 월요일 09:00~21:00 | 목요일 09:00~21:00 | 수요일 09:00~21:00 | 화요일 09:00~21:00,http://instagram.com/maat_coffeebrewers,"아메리카노 4,500 | 라떼 5,000 | 플랫화이트 5,000 | 바닐라라떼 5,500 | MAAT 커피 5,800 | 레몬에이드 5,800 | 복숭아살구밀크티 5,800",51
214,김명자굴국밥전문점,02-3409-2553,씨푸드, 성수이로 113 빌딩,평일 11:00~22:00 | 주말 11:00~21:00,,"굴국밥 6,000 | (특)굴국밥 9,000 | 뚝배기굴밥 7,000 | 굴순두부 6,000 | 굴떡국 7,000 | 굴매생이 7,000 | 매생이굴떡국 8,000 | 콩나물국밥 6,000 | 황태따로국밥 6,000 | 비빔밥 6,000 | 제육볶음 7,000 | 낙지덮밥 7,000 | 꼬막비빔밥 7,000 | 대파육개장 7,000 | 대파굴육개장 9,000 | 굴파전 13,000 | 굴전 13,000 | 굴회무침 15,000 | 쭈꾸미볶음 (2인이상) 13,000 | 돼지보쌈 20,000 | 굴돼지보쌈 30,000 | 꼬막돼지보쌈 30,000 | 홍어삼합 35,000 | 홍어회 30,000 | 삼합모듬 45,000 | 메밀만두 5,000 | 메밀전병 7,000",51
215,호랑도,010-2415-6224,고기집, 성수이로 147 호랑도,금요일 17:00~00:00 | 목요일 17:00~00:00 | 수요일 17:00~00:00 | 화요일 17:00~00:00 | 월요일 17:00~00:00 | 토요일 15:00~00:00 | 일요일 휴무,https://app.catchtable.co.kr/ct/shop/horangdo,"호랑갈비 30,000 | 진(꽃)갈비살 32,000 | 부채살스테이크 32,000 | 윗등심 30,000 | 소갈비살 28,000",50
216,비스트리오,070-7777-1719,양식, 아차산로7가길 3-4 1층,"평일 18:00~23:00 (수,목,금), Last Order 21:00 | 주말 16:00~23:00 Last Order 21:00 | 월요일 휴무 | 화요일 휴무",http://www.instagram.com/bistrio_seoul,디너 변동가격(업주문의),49
217,유스트레스,070-7543-4510,카페/디저트, 연무장7가길 9,주말 13:00~22:00 | 평일 12:00~22:00 | 화요일 휴무,https://www.instagram.com/eustress_official,"카라멜 푸딩 4,500 | 크림브륄레 4,500 | 밤 크림브륄레 5,000 | 소이라떼 4,500 | 화이트 모카 6,000 | 블랙자몽티 5,500 | 바닐라라떼 5,500 | 베리 레몬에이드 5,500",49
218,안씨네쭈꾸미 성수점,02-461-6006,한식, 성수일로12길 30 1층,평일 11:30~22:30 15시에서17시 까지 브레이크타임 입니다 | 일요일 16:30~21:00 | 토요일 휴무,,"쭈꾸미볶음 14,000 | 쭈꾸미새우 16,000 | 쭈꾸미삼겹살 16,000",48
219,클라스카커피랩,02-3409-7701,카페/디저트, 연무장15길 11 에스팩토리 B동 303호 루프탑까페,평일 10:00~18:00 | 토요일 13:00~19:00 | 일요일 휴무,http://claskacoffee.co.kr,"아메리카노 4,500 | 카페라떼 5,000 | 핑크솔트 아인슈페너(ICE) 6,000 | 얼그레이자두소다(ICE) 6,000 | 성수돔 6,500",46
220,무근본,010-5818-1032,펍, 성수일로8길 42 1층 무근본,매일 15:00~03:00,https://www.instagram.com/moogeunbon,"개쌉무근본칵테일 8,000",46
221,써브웨이 성수역점,02-497-2800,양식, 아차산로 113,매일 08:00~22:00,http://www.subway.co.kr/,"이탈리안 비엠티 5,700 | K-바비큐 6,400 | 비엘티 5,700 | 미트볼 5,600 | 햄 4,900 | 참치 4,900 | 로스트 치킨 6,400 | 터키 5,600 | 베지 4,100 | 스테이크 & 치즈 6,900 | 스파이시 이탈리안 6,000 | 치킨데리야끼 6,000 | 세트 메뉴 추가 1,900 | 블랙 포레스트햄 & 에그, 치즈 3,100 | 웨스턴, 에그 & 치즈 3,100 | 베이컨, 에그 & 치즈 3,100 | 스테이크, 에그 & 치즈 4,100 | 해쉬브라운 1,400 | 샐러드 1,700 | 브로콜리 & 체더치즈 수프 2,900 | 베이컨 포테이토 수프 2,900 | 더블 초코칩 쿠키 1,000 | 초코칩 쿠키 1,000 | 오트밀 레이즌 1,000 | 라즈베리 치즈케익 1,000 | 화이트 초코 마카다미아 1,000 | 웨지 포테이토 1,500 | 웨지 세트 추가 2,400 | 쉬림프 6,200 | Cheesy 웨지 포테이토 2,000 | Bacon Cheesy 웨지 포테이토 2,300 | 로티세리 바비큐 치킨 6,400 | 터키 베이컨 아보카도 6,900 | 풀드포크 6,300 | 에그마요 4,600 | 쉬림프 에그마요 랩 5,000 | 치킨 베이컨 미니 랩 2,900 | 스테이크 & 치즈 아보카도 랩 5,700 | 써브웨이 클럽 6,200",45
222,팔각도 성수역점,02-463-7017,한식," 성수일로8길 53 성수동복합시설 1층 105, 106호",매일 12:00~22:00 Breaktime   평일만 14:30~16:30,,"숯불 닭갈비 10,900 | 닭 10마리 목살 13,000 | 닭 13마리 안창살 14,000 | 닭 13마리 연골 12,000 | 무뼈닭발+날치알주먹밥 14,000",44
223,햄찌와베찌,02-498-8210,한식, 아차산로11길 26 1층,평일 11:00~22:00 일요일 휴무 | 토요일 11:00~15:00 일요일 휴무,,"베이컨 찌개 9,000 | 햄 찌개 8,000 | 부대김치찜 12,000",44
224,동대문엽기떡볶이 성수점,02-465-8591,기타, 아차산로7길 28 11호,금요일 10:30~01:10 포장.배달 | 목요일 10:30~01:10 포장.배달 | 수요일 10:30~01:10 포장.배달 | 화요일 10:30~01:10 포장.배달 | 월요일 10:30~01:10 포장.배달 | 주말 10:30~22:00 홀 포장 배달,http://yupddukk.modoo.at/,"엽기떡볶이 14,000 | 엽기반반 14,000 | 엽기오뎅 14,000 | 엽기분모자떡볶이 17,000 | 엽기로제떡볶이 16,000 | 엽기로제반반 16,000 | 엽기로제오뎅 16,000 | 엽기로제분모자떡볶이 19,000 | 엽기크림떡볶이 15,000 | 엽기크림분모자떡볶이 18,000 | 엽기닭볶음탕 24,000 | 2인엽기떡볶이 9,000 | 엽기오돌뼈 14,000 | 엽기무뼈닭발 15,000 | 엽기국물닭발 15,000 | 주먹김밥(셀프) 2,000 | 참치마요밥 3,500 | 엽기오돌뼈밥 4,500 | 버터꿀봉 11,000 | 고추맵봉 11,000 | 오뎅탕 6,000 | 계란찜 2,000 | 계란야채죽 5,000 | 순대 (300g) 3,000 | 엽도그 2,000 | 공기밥 1,000 | 바삭치즈만두 (7개) 2,000 | 만두 (4개) 2,000 | 김말이 (3개) 2,000 | 야채튀김 (1개) 1,000 | 모둠튀김 2,000 | 떡추가 1,000 | 오뎅 추가 1,000 | 중국당면 2,500 | 분모자 2,500 | 치즈 (모짜렐라) 3,000 | 햄 1,000 | 베이컨 3,000 | 퐁당치즈만두 (7개) 2,000 | 계란 (2개) 1,500 | 메추리알 (5개) 1,000 | 우동사리 2,000 | 당면사리 2,000",43
225,Cressong,02-465-3456,양식, 성수일로8길 47 롯데캐슬파크 상가동 105호,금요일 08:00~21:00 LAST ORDER 20:10 | 목요일 08:00~21:00 LAST ORDER 20:10 | 수요일 08:00~21:00 LAST ORDER 20:10 | 화요일 08:00~21:00 LAST ORDER 20:10 | 월요일 08:00~21:00 LAST ORDER 20:10 | 평일 08:00~21:00 LAST ORDER 20:10 | 토요일 08:00~20:00 LAST ORDER 19:10 | 일요일 휴무,http://instagram.com/cressong_,"크레송 파니니 5,000 | 야채 파니니 4,500 | 엔쵸비 오일 파스타 7,700 | 스피나치 그린오일 파스타 10,900 | 버섯크림 파스타 8,800 | 아마트리치아나토마토파스타 8,800 | 봉골레 파스타 11,900",42
226,카우보이라멘,070-4105-2971,일식," 연무장길 33 , B1F",월요일 11:00~21:00 break time 14-17 | 화요일 11:00~21:00 break time 14-17 | 수요일 11:00~21:00 break time 14-17 | 목요일 11:00~21:00 break time 14-17 | 금요일 11:00~21:00 break time 14-17 | 주말 13:00~22:00 break time 16 - 17,https://www.instagram.com/cowboyramenclub/,"쇼유라멘 9,000 | 마제라멘 9,000 | 카우보이라멘 12,000",41
227,뚝도농원,02-499-3330,한식, 아차산로 82 1층,,https://www.instagram.com/p/CZIhRbAPabF/?utm_medium=copy_link,"통오리 한마리 98,000 | 가마솥 오리탕 35,000 | 생오리 로스구이(1인분) 18,000 | 부속 모둠 23,000 | 부속 단품(목살/근위/염통) 12,000 | 연탄주물럭 18,000 | 오리알 순두부찌개 12,000 | 냉국수 10,000 | 야채 모둠 10,000 | 구황작물 7,000 | 오리불백-점심특선(평일) 14,000 | 오리곰탕-점심특선(평일) 10,000",41
228,YND,070-4145-5546,양식, 연무장5가길 20 2층 YND,매일 11:30~21:00 break time : 14:30 ~ 16:30 | 공휴일 11:30~21:00 break time : 14:30 ~ 16:30,,"쉬림프 또띠아 24,000 | 치킨 필라프 18,000 | 가지그라탕 21,000 | 비프 큐브 스테이크 24,000 | 알리오 올리오 16,000 | 봉골레 파스타 18,000 | 비프 크림파스타 18,000 | 라구 파스타 19,000 | 로제 파스타 19,000 | 비프필라프 18,000 | 트리플 풍기 샐러드 14,000 | 미니토마토 샐러드 15,000 | 아보카도 보트 8,000 | 레몬청 에이드 4,500 | 자몽청 에이드 4,500 | 청포도청 에이드 4,500 | 기네스 8,000 | 에델바이스 7,000 | 하이네켄 7,000 | 하이볼 6,000 | 코카콜라 2,500 | 제로콜라 2,500 | 스프라이트 2,500 | 산펠레그리노 탄산수 3,000",41
229,카페 와일드월 WILDWALL,010-4647-2954,카페/디저트, 연무장길 29-1 2층,,https://www.instagram.com/wildwall.seoul,"AMERICANO 5,000",39
230,씨씨씨,070-8882-4368,양식, 연무장15길 11 가동 (B) 301호,,https://www.instagram.com/ccc_terrace_bar,"런치박스 9,000 | 와인리스트 49,000 | 맥 앤 치즈 13,000 | 베이컨핀쵸 15,000 | 엔쵸비 오일 파스타 20,000 | 소시지앤 포테이토 로스트 23,000 | 샤퀴테리 38,000",39
231,나이스두잉 버거샵,02-2223-2100,양식, 연무장5가길 7 115호,평일 11:00~21:00 Break time 15:00 ~ 16:30 / L.O 20:30 | 주말 12:00~21:00 Break time X / L.O 20:30,http://www.instagram.com/nicedoingburgershop,"치즈버거 6,800 | 더블치즈버거 9,800 | BLTE버거 9,500 | 아이올리쉬림프버거 8,900 | 와사비쉬림프버거 8,900",39
232,카페조이,02-461-6618,카페, 아차산로11길 11 105호,평일 08:00~20:00 | 공휴일 14:00~21:00 | 주말 14:00~21:00,,"에스프레소 2,900 | 아메리카노 2,900 | 라떼 4,000 | 바닐라라떼 4,500 | 바닐라카푸치노 4,500 | 마끼아또 4,500 | 사이공 4,800 | 더치라떼 4,500 | 오피치에이드 5,000 | 초코라떼 3,800 | 녹차라떼 3,800 | 밀크티 4,000 | 스트로베리라떼 4,000 | 블루베리라떼 4,000 | 더치아메리카노 4,000 | 모카 4,500 | 흑당생강라떼 3,800 | 쿨피치쥬스 3,800 | 복숭아라떼 4,000 | 자몽에이드 5,000 | 블루레몬에이드 5,000 | 생과일쥬스 5,000 | 쿠앤크프라푸치노 5,000 | 모카프라푸치노 5,000 | 녹차프라푸치노 5,000 | 초코프라푸치노 5,000 | 카라멜프라푸치노 5,000 | 플레인요거트스무디 4,800 | 블루베리요거트스무디 4,800 | 스트로베리요거트스무디 4,800 | 유자차 3,500 | 자몽차 3,500 | 레몬차 3,500 | 민트라임에이드 4,000 | 흑당생강차 3,500 | 캐모마일 4,000 | 얼그레이 4,000 | 라벤더 4,000 | 페퍼민트 4,000 | 어니언 베이컨 치아바타 6,000 | 와플 3,500 | 애플쥬스 3,800 | 더치250ml 9,000 | 더치500ml 16,000 | 원두100g 변동가격(업주문의) | 샷그린티라떼 4,800 | 샤케라또 4,500",38
233,러위엔관,02-469-1616,중식, 연무장7가길 10 1층,토요일 11:00~22:00 | 금요일 11:00~22:00 | 목요일 11:00~22:00 | 수요일 11:00~22:00 | 화요일 11:00~22:00 | 화요일 15:30~17:00 Break Time | 수요일 15:30~17:00 Break Time | 목요일 15:30~17:00 Break Time | 금요일 15:30~17:00 Break Time | 토요일 15:30~17:00 Break Time | 월요일 휴무 | 일요일 휴무,https://www.instagram.com/nakwongroup,"우육탕면 8,000 | 홍소우육탕면 8,000 | 우육탕면 (특) 12,000 | 러깐미엔 8,000 | 동파육 12,000 | 동파육바오 6,000 | 멘보샤바오 6,000 | 치킨바오 5,500 | 사천식교자 6,000 | 오이냉채 4,000 | 밀크티 4,000",38
234,성수동양갈비,02-497-4987,고기집, 성수일로12길 33,평일 11:30~22:00 브레이크타임 15:30~17:00 | 토요일 11:30~22:00 브레이크타임 15:30~17:00 | 일요일 휴무 매주 일요일 휴무,,"양갈비 25,000 | 돼지갈비 15,000 | 양곰탕 8,000 | 우거지탕 8,000 | 누룽지탕 5,000",36
235,온슬,010-7226-3226,펍, 연무장7가길 5 3층,평일 17:00~01:00 | 주말 16:00~01:00,https://www.instagram.com/on_seul__,"온슬수육 21,000 | 광어 한접시 29,000 | 우우니 49,000 | 닭목살 깐풍기 17,000 | 생 단새우 31,000",36
236,가족 스시 앤 참치,02-2135-7259,일식, 연무장5가길 25 1층 105호,토요일 11:00~22:00 | 금요일 11:00~22:00 | 목요일 11:00~22:00 | 수요일 11:00~22:00 | 화요일 11:00~22:00 | 월요일 11:00~22:00 | 일요일 휴무 | 화요일 16:00~17:00 브레이크 타임 | 수요일 16:00~17:00 브레이크 타임 | 목요일 16:00~17:00 브레이크 타임 | 금요일 16:00~17:00 브레이크 타임 | 토요일 16:00~17:00 브레이크 타임 | 월요일 16:00~17:00 브레이크 타임,,"점심 특선 8,900 | 특점심특선 10,000 | 오늘의 초밥 12,000 | 연어 지라시 9,000 | 1인 모듬회 20,000 | 모듬회 中 70,000 | 모듬회 大 90,000 | 연어회 35,000 | 참치회 中 70,000 | 참치회 大 90,000 | 참치 스페셜 120,000 | 회 추가 20,000 | 알탕 9,000 | 알밥 7,000 | 회덮밥 8,000 | 연어 회덮밥 9,000 | 참치 육회 덮밥 9,000",36
237,슈에뜨펍,010-6336-8467,펍, 성수이로 96 지하 1층 슈에뜨펍,매일 19:00~03:00,http://instagram.com/chouette_pub,"새우 멘보샤 11,000 | 모듬 소세지 17,000 | 버터 오징어 구이 20,000 | 버팔로 윙&봉 20,000 | 케이준치킨 샐러드 14,000 | 계절과일 플래터 25,000 | 주류안주교환권(홀덤) 20,000",35
238,교촌치킨 성수역점,02-497-1991,기타, 아차산로7길 10-1 1층,매일 12:00~24:00 연중무휴,,"교촌오리지날 16,000 | 교촌허니오리지날 16,000 | 교촌라이스세트 20,000 | 교촌콤보 19,000 | 교촌레드오리지날 17,000 | 교촌윙 19,000 | 교촌스틱 19,000 | 교촌순살[R] 19,000 | 교촌살살치킨 17,000 | 발사믹치킨 18,500 | 교촌허니콤보 20,000 | 교촌치즈트러플순살 19,000 | 교촌레드콤보 20,000 | 교촌레드윙 20,000 | 교촌레드스틱 20,000 | 교촌허니순살[R] 21,000 | 교촌레드순살[R] 20,000 | 교촌반반순살[R] 20,000 | 교촌신화오리지날 18,000 | 교촌신화순살 20,000 | 교촌레허반반순살 22,000",35
239,미오 도쿄 다이닝,02-2223-2120,고기집, 연무장5가길 7 현대 테라스타워 1층 117호,"토요일 11:30~22:00 15시~17시30분 브레이크타임 | 금요일 11:30~22:00 15시~17시30분 브레이크타임 | 목요일 11:30~22:00 15시~17시30분 브레이크타임 | 수요일 11:30~22:00 15시~17시30분 브레이크타임 | 화요일 11:30~22:00 15시~17시30분 브레이크타임 | 일요일 휴무 | 월요일 11:30~22:00 15시~17:30분 브레이크 타임. 1,3주 월요일은 휴무",https://www.instagram.com/mieo117/?hl=ja,"도쿄 수제 함바그 고젠 (데미그라스 소스) 13,000 | 도쿄 수제 함바그 고젠 (와후 소스) 13,000 | 치킨 스테이크 고젠 11,000 | 포크 갈릭에 빠지다 10,000 | 도쿄 키마 카레 고젠 8,900 | 콜라 2,000 | 스텔라 6,500 | 글라스 와인 5,500 | 사이다 2,000 | 도쿄 수제 함바그 고젠 더블 패티 21,000 | 함바그와 치킨에 만남 21,000 | 부채살 스테이크 (저녁,주말 한정) 24,000 | 가라아게 6개 6,500 | 가라아게 12개 11,000 | 산토리 위스키 하이볼 7,500",35
240,글리머,010-5123-1170,펍, 성수일로6길 47 F층,"매일 18:00~02:00 월,화 휴무",https://www.instagram.com/bar_glimmer,"Classic cocktail 18,000 | Signature cocktail 20,000",35
241,쏘심플,02-6014-9485,펍, 연무장길 37-7 B1,,," 파스타 18,000",34
242,샐러디 성수점,02-3499-4242,기타, 성수일로10길 26 하우스디 세종타워 상가동 1층 104호,평일 08:00~21:00 라스트오더:20:30 | 주말 10:00~20:00 라스트오더: 19:30 | 공휴일 10:00~20:00 라스트오더: 19:30,http://www.salady.com/,"시저치킨 샐러디 6,400 | 콥 샐러디 6,900 | 탄단지 샐러디 7,900 | 우삼겹메밀면 샐러디 8,200 | 리코타치즈 샐러디 8,700 | 연어 샐러디 8,900 | 칠리베이컨 웜볼 7,400 | 우삼겹 웜볼 8,200 | 할라피뇨치킨 웜볼 7,900 | 고추장머쉬룸 웜볼 8,300 | 팔라펠단호박 웜볼 8,700 | 치킨토마토 샌드 6,200 | 에그베이컨 샌드 6,200 | 크리미연어 샌드 6,900 | 멕시칸 랩 6,500 | 시저치킨 랩 6,500 | 크랜베리그릭 랩 6,900 | 크리미연어 랩 7,600 | 칠리베이컨 웜랩 6,700 | 우삼겹 웜랩 7,200 | 할라피뇨치킨 웜랩 6,900 | 팔라펠 웜랩 7,200",34
243,남다른본가닭한마리 성수점,02-461-6932,한식, 연무장7길 12 세대빌딩 2층,"매일 11:30~23:00 (평일, 토요일) | 일요일 12:00~23:00 (공휴일)",https://namdareundak.modoo.at,"남다른 정식 7,000 | 남다른 닭한마리(2인) 22,000 | 닭한마리+낙지&전복 변동가격(업주문의) | 무뼈닭발 15,000",33
244,강다짐 삼각김밥 성수점,02-462-0498,기타, 아차산로7길 18 1층,매일 09:00~20:00,http://kangdajim.com/,"강어묵탕 6,500 | 1번 부산어묵 도시락 13,400 | 2번 부산어묵 도시락 14,200 | 강다짐 1,300 | 멸치 1,500 | 매콤멸치 1,500 | 참치마요 1,700 | 참치김치 1,700 | 통스팸 1,700 | 스팸김치 1,700 | 제육 1,900 | 오징어불고기 1,900 | 소불고기 2,000 | 맵다짐 1,500 | 맵참마요 1,900 | 맵소불고기 2,200 | 고추참치 1,700 | 맵고추참치 1,900 | 치킨마요 2,000 | 멥치킨마요 2,200 | 삼각김밥 모듬 세트 10,000 | 강모듬 세트 1 13,600 | 강모듬 세트 2 17,000 | 강모듬 세트 3 26,900 | 강떡볶이(1인분) 5,500 | 강떡볶이(2인분) 8,500 | 로제 강떡볶이(1인분) 6,500 | 로제 강떡볶이(2인분) 9,500 | 매콤 누룽튀밥 3,000 | 꼬소 누룽튀밥 3,000 | 모짜렐라 매콤튀밥 4,000 | 치즈자반 꼬소튀밥 4,000 | 순살 강치킨(소) 3,500 | 순살 강치킨(중) 6,500 | 우동 장국 500",32
245,키ki,02-497-3939,펍, 연무장길 41-9,"매일 18:00~24:00 일,월,화요일 휴무",https://www.instagram.com/ki_seoul,"와인 변동가격(업주문의) | 위스키 변동가격(업주문의) | 칵테일 변동가격(업주문의) | 데일리 파스타 15,000 | 정어리샐러드와 토스트빵 15,000 | 각종 사이드메뉴 변동가격(업주문의)",31
246,정참치,02-469-1071,한식, 성수일로8길 39,일요일 휴무 | 평일 17:00~01:00 | 토요일 17:00~24:00,,"은코스 30,000 | 금코스 40,000 | 스페셜B 55,000 | 스페셜A 75,000 | 스페셜 정 100,000",31
247,세이지,070-4139-5994,펍, 연무장9길 7 2층,화요일 18:00~23:00 L.O 22:00 | 수요일 18:00~23:00 L.O 22:00 | 목요일 18:00~23:00 L.O 22:00 | 금요일 18:00~23:00 L.O 22:00 | 토요일 18:00~01:00 L.O 22:00 / 토요일 22:00 이후에는 late night special 메뉴로 제공됩니다.,https://app.catchtable.co.kr/ct/shop/sage,"하우스 브레드 6,000",31
248,품꼬 닭갈비,02-2038-3195,한식, 연무장5가길 25 성수역 SKV1 1층 101~102호,금요일 11:30~22:00 L.O 21:00 / B.T : 15:00~17:30 | 목요일 11:30~22:00 L.O 21:00 / B.T : 15:00~17:30 | 수요일 11:30~22:00 L.O 21:00 / B.T : 15:00~17:30 | 화요일 11:30~22:00 L.O 21:00 / B.T : 15:00~17:30 | 월요일 11:30~22:00 L.O 21:00 / B.T : 15:00~17:30 | 평일 11:30~22:00 L.O 21:00 / B.T : 15:00~17:30 | 토요일 17:00~21:00 L.O 20:00 | 일요일 17:00~21:00 L.O 20:00,http://instagram.com/poomkko,"콩파닭갈비 11,000 | 더블치즈닭갈비 13,500 | 골드치즈닭갈비 14,500 | 불닭발(무뼈닭발) 14,000",31
249,바 차차,02-468-8893,펍, 연무장길 14-5 2층 바차차,토요일 17:00~00:00 | 금요일 17:00~00:00 | 목요일 17:00~00:00 | 수요일 17:00~00:00 | 화요일 17:00~00:00,,"부라따치즈&마리네이드토마토 13,000 | 새우버터구이 16,000 | 제철석화 18,000 | 멜론과콜드컷 17,000 | 트러플아보카도구이 16,000",31
250,이지더즈잇,070-7793-0572,펍, 연무장길 45 지하1층,금요일 18:00~23:59 | 목요일 18:00~23:59 | 수요일 18:00~23:59 | 주말 18:00~23:59 | 월요일 휴무 | 화요일 휴무,https://app.catchtable.co.kr/ct/shop/easydoesit,"치즈&샤퀴테리 36,000 | 치즈 25,000 | 샤퀴테리 24,000",29
251,뚝배기양평해장국 성수점,02-466-6689,한식, 아차산로 110 1층,평일 09:00~23:00 일요일 휴무 | 토요일 07:00~22:30,,"양평(양선지)해장국 9,500 | 내장탕 12,000 | 순대해장국 8,500 | 양육개장 9,500 | 황태해장국 8,000 | 뚝배기불고기 8,500 | 양곱창전골 中 32,000 | 양쭈꾸미볶음 28,000 | 양곱창볶음 中 25,000 | 양곱창볶음 大 35,000 | 양곱창전골 大 42,000 | 순대전골 中 27,000 | 순대전골 大 37,000 | 양골뱅이무침 26,000 | 한우소머리수육전골 중 33,000",29
252,행복한식당,02-467-9277,한식, 아차산로9길 30,,,"삼겹살 600g 35,000 | 삼겹살 300g 18,000 | 맥주 4,000 | 소주 4,000 | 라면 3,000 | 공기밥 1,000 | (포장) 삼겹살 600g 29,000",28
253,걸작떡볶이치킨 성수점,02-467-2821,기타, 아차산로 87,"매일 11:30~22:30 매월 2,4주 월요일 휴무",http://www.eguljak.com,"국물치즈떡볶이 10,000 | 숯불킹떡볶이 13,000 | 국물치즈떡닭세트 22,000 | 숯불킹떡닭세트 25,000 | 국물치즈떡순튀세트 19,000 | 로제떡닭세트 24,000",28
254,등불,02-466-9725,한식, 아차산로7길 4,평일 11:30~00:00 2시부터6시까지브래이크타임 | 공휴일 00:00~23:59 휴무 | 주말 00:00~23:59 휴무,,"찜소 23,000",26
255,레스트인피자,02-468-1225,양식, 아차산로7길 11 2층,일요일 휴무 | 평일 16:00~02:00 | 토요일 14:00~02:00,,"마르게리따 17,000 | 루꼴라피자 18,000 | 살라미피자 19,000 | 콰트로포르마지 19,000 | 콰트로풍기피자 21,000 | 새우바질피자 22,000",26
256,모이크,070-7853-1343,펍, 아차산로7길 17-1 2층,토요일 17:00~22:00 | 금요일 17:00~22:00 | 목요일 17:00~22:00 | 수요일 17:00~22:00 | 화요일 17:00~22:00 | 월요일 휴무 | 일요일 휴무,https://instagram.com/___moik,"Bread 5,000",26
257,밥플러스 6호점,02-3499-4449,한식, 성수일로10길 26 하우스디세종타워 2층 202호,평일 11:00~14:00 석식운영없음 | 주말 휴무 | 공휴일 휴무,https://blog.naver.com/babplus123,"한식 7,000",25
258,땡기면땡비어,02-469-5443,펍, 성수이로 93 1층 (성수동2가 315-107),매일 11:30~24:00 | 일요일 휴무,,"통후추삼겹덮밥 9,000 | 까르보나라 9,000 | 상하이짬뽕스파게티 11,500 | 마라상궈 스파게티 10,500 | 치즈베이컨리조또 9,000 | 해물두루땡면 9,000 | 고기땡면 8,500 | 버섯땡면 8,000 | 로제스파게티 9,500 | 차돌토마토스파게티 9,500 | 할리오올리오스파게티 8,500",24
259,행운식당,02-497-8818,일식, 아차산로11길 11 동성빌딩,목요일 11:00~19:30 | 수요일 11:00~19:30 | 화요일 11:00~19:30 | 월요일 11:00~19:30 | 토요일 휴무 | 공휴일 휴무 | 일요일 휴무 | 금요일 11:00~19:00,,"돈가스 8,000 | 왕돈가스 10,000 | 닭도리탕 7,000 | 김치돈가스 8,000",23
260,아쿠아산타 성수카페,070-8275-4808,카페/디저트, 연무장길 81 1층 107호,금요일 08:00~20:00 | 목요일 08:00~20:00 | 수요일 08:00~20:00 | 화요일 08:00~20:00 | 월요일 08:00~20:00 | 일요일 13:00~21:00 | 토요일 13:00~21:00,https://www.instagram.com/acqua__santa/,"2단트레이 변동가격(업주문의) | 산타라떼 5,000 | 아인슈페너 6,500 | 딸기크로플 14,900 | 조각케이크 6,900 | 플레인크로플 10,900 | 크로플이달고나 13,900 | 마카롱 2,500 | 아메리카노 5,000 | 레몬얼그레이티 5,000 | 오렌지자몽블랙티 5,000 | 카라멜마끼야또 5,500 | 바닐라라떼 5,500 | 헤이즐넛라떼 5,500 | 복숭아 아이스티 5,000 | 복숭아에이드 5,500 | 청포도 에이드 5,500 | 콜드브루 5,500 | 디카페인 콜드브루 5,500 | 콜드브루라떼 6,000 | 디카페인 콜드브루라떼 6,000",23
261,왕빈자 전통주막 성수역점,02-463-5810,펍, 아차산로7길 14-1,,https://blog.naver.com/wangbz,"치즈 감자전 17,000 | 베이컨 김치 치즈전 17,000 | 불고기 치즈 파전 17,000 | 허니치즈 고구마전 17,000 | 모둠전 21,000 | 물뱅이 18,000 | 도토리묵 무침 15,000 | 유뷰 오뎅탕 16,000 | 시골돼지 애호박 찌개 16,000 | 조개탕 16,000 | 해물파전 16,000 | 연탄불고기 16,000 | 갑오징어숙회 21,000 | 꼬막무침+비빔밥 21,000",22
262,케이키,,카페/디저트, 연무장길 39 1층,평일 11:00~21:00 화~금요일 운영시간동일함 | 주말 12:00~21:00 | 월요일 휴무,http://instagram.com/cakey_2020,주문케이크 변동가격(업주문의),22
263,비가나,070-4103-8888,카페/디저트, 송정길 22 송림빌1층 비가나,금요일 10:00~21:00 | 목요일 10:00~21:00 | 수요일 10:00~21:00 | 화요일 10:00~21:00 | 월요일 10:00~21:00 | 토요일 10:00~20:00 | 일요일 10:00~20:00 휴일 영업시간은 고지할께요~,https://instagram.com/beegana_cw?utm_medium=copy_link,"샤퀴테리 플레터 40,000 | 아메리카노 3,200 | 카페라떼 3,700 | 코코넛라떼 4,500 | 아인슈페너 4,500 | 카페꼬레토 4,500 | 겨울에 매화차 5,500 | 초콜릿라떼 4,700 | 고구마라떼 5,000 | 말차라떼 5,000 | 흑임자라떼 5,000 | 쑥라떼 5,000 | 딸기크림라떼 5,000 | 비가나소다 4,000 | 와인 40,000 | 세트메뉴-쑥스콘+쑥라떼 7,000 | 세트메뉴-흑임자스콘+흑임자라떼 7,000 | 커플메뉴-아아or뜨아2잔+휘낭시에or플레인스콘or에그타르트 중2개 10,000 | 바질스콘 3,200 | 흑임자스콘 3,200 | 쑥스콘 3,200 | 휘낭시에 2,500 | 에그타르트 2,500 | 플레인스콘 2,500 | 와플바 2,800 | 바닐라라떼 4,000 | 카라멜 마키아토 4,000 | 헤이즐넛 4,000 | 에스프레소 3,000 | 앙버터 4,000 | 허니 와플바 2,800 | 커플 와플 6,800 | 카모마일 4,500 | 페퍼민트 4,500 | 얼그레이 4,500 | 봄에 벚꽃차 5,500 | 청귤차 5,000 | 레몬차 5,000 | 자몽차 5,000 | 에이드 5,700 | 쵸콜릿라떼 4,700 | 고구마라떼 [겨울메뉴] 5,000",22
264,투썸플레이스 성수skv타워점,02-2641-0200,카페, 연무장5가길 25,평일 07:30~22:30 | 주말 08:00~22:30,,"아메리카노 4,100 | 자몽에이드 5,500 | 오렌지자몽주스 6,000 | 콜드브루 4,500 | 콜드브루라떼 5,000",22
265,부산밀면,02-2223-2021,한식, 연무장5가길 7 1층,매일 10:30~20:30,https://www.instagram.com/noodle4080,"물밀면 7,500 | 비빔밀면 7,500 | 곱배기 9,000 | 만두 5,000 | 온밀면+알밥 7,500",20
266,투다리 성수본점,02-499-2743,"['술집', '오뎅,꼬치']", 아차산로7길 10-1,,http://www.tudari.co.kr/,닭산적 변동가격(업주문의),20
267,역전할머니맥주 성수점,02-464-0010,펍, 아차산로 97 1층,매일 15:00~05:00,,"할맥500cc 3,300 | 오징어입 7,000 | 짜빠구리 8,000 | 순살치킨 7,000 | 치즈돈까스 9,000 | 튀김쥐포 3,000 | 통통오다리 7,000",20
268,돼지노을,02-461-3503,고기집, 성수이로 126 1층,매일 11:30~23:00 Break Time 14시30분~16시 | 일요일 휴무,,"제주껍삼겹 16,000 | 제주목살 16,000 | 제주항정살 16,000 | 노을꼬리 13,000 | [점심] 설렁탕 8,000 | [점심] 냉이된장찌개 8,000 | [점심] 차돌된장찌개 8,000 | [점심] 제육볶음 (2인) 16,000 | [곁들임] 된장찌개 4,000 | [곁들임] 구수한누룽지 4,000 | [곁들임] 해장라면 4,000 | [곁들임] 함흥냉면 4,000 | [곁들임] 계란찜 3,000 | [곁들임] 공기밥 1,000 | 일품진로 25,000 | 소주 4,000 | 맥주 5,000 | 청하 5,000 | 한라산 5,000 | 막걸리 4,000 | 음료 2,000 | 레몬 1,000",18
269,왕십리꼼닭발,02-498-9289,한식, 연무장길 13 1층 3호,매일 15:00~22:00 일요일 휴무입니다,,"뼈없는닭발  13,000 | 뼈있는닭발 12,000 | 계란말이 8,000",17
270,큰집설렁탕,02-498-8898,한식, 아차산로 97 남영빌딩 1층,매일 07:00~22:00,,"큰집설렁탕 11,000 | 갈비탕 15,000 | 꼬리곰탕 18,000 | 큰집소고기국밥 9,000 | 돼지갈비300g 18,000 | 버섯불고기200g 15,000 | 소갈비찜  대 50,000 | 소갈비찜 중 40,000 | 꼬리찜  대 55,000 | 꼬리찜  중 45,000 | 소머리수육  대 45,000 | 함흥냉면 8,000 | 큰집소왕갈비(1대) 28,000 | 한우육회 25,000 | 회비빔냉면 10,000",17
271,메종 성수돈,02-465-8045,고기집, 연무장7가길 5 2층,매일 11:30~22:00,http://instagram.com/maisonseongsudon,"본삼겹(180g) 18,000 | 꽃목살(180g) 18,000 | 가브리살(180g) 19,000 | 항정살(180g) 20,000 | 통돼지 김치찌개 8,000 | 토마토라면 6,000 | 양배추 스테이크 추가 4,000 | 바질토마토 3,000 | 계절스튜 추가 3,000 | 점심<고기정식> 13,000 | 가정식 카레 (점심 스페셜) 9,000 | 카레 우동(점심 스페셜) 10,000",17
272,텐바,070-8282-7775,펍, 연무장길 41-22 1층 텐바,,https://www.instagram.com/tenba__,"사시미 모리아와세 2인 45,000 | 도미 카르파치오 15,000 | 사바 이소베 마키 18,000 | 오이스터 플래터 18,000 | 홍가리비 바지락 버터술찜 19,000 | 시메사바 보우즈시 18,000 | 마구로 바질 과콰몰리 23,000 | 후토마키 16,000 | 우니크림 김파스타 24,000 | 참깨 치미추리 양갈비구이 30,000 | 토리나베 29,000",17
273,큐리크,010-9411-2101,카페/디저트, 연무장길 27 서연스튜디오 2층 201호 큐리크,일요일 휴무 | 금요일 14:00~19:30 | 목요일 14:00~19:30 | 수요일 14:00~19:30 | 화요일 14:00~19:30 | 월요일 14:00~19:30 | 토요일 14:00~19:00,http://www.instagram.com/__kuric__,레드벨벳 변동가격(업주문의) | 당근케익 변동가격(업주문의),17
274,이가네양꼬치 성수직영점,02-499-9688,중식, 아차산로 116 1층 109호,매일 13:00~01:00,,"양갈비 23,000 | 양등심꼬치 21,000 | 양왕꼬치 17,000 | 양꼬치 14,000 | 대하꼬치 13,000 | 마늘꼬치 3,000 | 탕수육 19,000 | 가지요리 17,000 | 마파두부 14,000 | 토마토계란볶음 16,000 | 토마토계란탕 13,000 | 온면 7,000 | 볶음밥 7,000 | 연태 (대) 40,000 | 연태(중) 32,000 | 설원 25,000",17
275,커피사피엔스 성수현대테라스점,02-2223-2117,카페, 연무장5가길 7 108호,금요일 07:30~20:00 | 목요일 07:30~20:00 | 수요일 07:30~20:00 | 화요일 07:30~20:00 | 월요일 07:30~20:00 | 토요일 09:00~05:00,,"아메리카노 2,000 | 흑당달고나 4,500 | 오렌지자몽쥬스 4,500 | 피넛버터초코쿠키 3,800 | 르뱅쿠키 3,800 | 고메버터스콘 3,500 | 유기농 말차 쿠키 3,800 | 초코스콘 3,500 | 블루베리바나나우유 4,500 | 디톡스머스켓에이드 4,800 | 쿠앤크쉐이크 4,800 | 연유라떼 4,000 | 아보카도바나나우유 4,500 | 토피넛라떼 3,500 | 자몽사피엔스 4,500 | 로투스쉐이크 4,800 | 그냥딸기라떼 4,500 | 스페셜TEA 4,000 | 샷추가 500 | 우유변경 500 | 수박주스 4,800 | 황고망고 4,500 | 리치캐모마일 4,500",16
276,맛닭꼬 성수역점,02-466-2292,기타, 아차산로 113 삼진빌딩,매일 14:00~02:00,http://www.mdcco.co.kr,"오리지널 현미베이크 [ORIGINAL BROWN RICE BAKE] 10,900 | 갈릭 현미베이크 [GARLIC BROWN RICE BAKE] 11,900 | 칠리 현미베이크 [CHILI BROWN RICE BAKE] 11,900 | 마늘아 현미베이크 [SWEET GARLIC BROWN RICE BAKE] 12,900 | 강정 현미베이크 [GANGJEONG BROWN RICE BAKE] 11,900 | 핫소스 현미베이크 [HOTSAUCE BROWN RICE BAKE] 11,900 | 파파닭 현미베이크 [GREEN ONION & BROWN RICE BAKE] 12,900 | 참치 순살 현미베이크 [TUNA BROWN RICE BAKE] 15,900 | 사천 현미베이크 [SACHEON BROWN RICE BAKE] 12,900 | 고추강정 현미베이크 [HOT PEPPERS GANGJEONG BROWN RICE BAKE] 12,900 | 오리지날 로스트 [ORIGINAL ROAST CHICKEN] 9,900 | 데리갈릭 로스트 [TERI GARLIC ROAST CHICKEN] 11,900 | 바베큐 로스트 [BARBECUE ROAST CHICKEN] 11,900 | 치즈칠리 로스트 [CHEESE CHILI ROAST CHICKEN] 11,900 | 두반장 로스트 [DOUBANJANG ROAST CHICKEN] 11,900 | 깐풍기 로스트 [KKANPUNGGI ROAST CHICKEN] 11,900 | 숯불 로스트 [SUTBUL ROAST CHICKEN] 11,900 | 로스트 순살 파닭 [GREEN ONION & ROAST CHICKEN] 13,900 | 치즈 순살 퐁닭 [FRESH CHEESE FONDUE CHICKEN] 15,900 | 오븐닭발[OVEN CHICKEN FEET] 14,900 | 오븐똥집 [OVEN CHICKEN GIZZARD] 12,900 | 오븐감자[OVEN POTATO] 9,900 | 국물떡볶이[SOUP TTEOKBOKKI] 9,900 | 오븐폭립[OVEN PORK RIBS] 14,900 | 골뱅이소면[WHELK & PLAN NOODLES] 변동가격(업주문의) | 고추나쵸[NACHOS WITH RED PEPPERS] 변동가격(업주문의) | 해물굴짬뽕탕[FRESH SEAFOOD SPICY NOODLE SOUP] 13,000 | 나가사끼짬뽕[NAGASAKI SPICY SEAFOOD NOODLE SOUP] 13,000 | 알탕[SPICY FISH ROW STEW] 13,000 | 해물어묵탕[SEAFOOD AND FISH CAKE SOUP] 13,000 | 마른안주 외 변동가격(업주문의) | 갈비 로스트[GALBI ROAST] 11,900 | 유린기 순살 현미베이크[YURINGI BROWN RICE BAKE] 15,900 | 오븐소시지[OVEN SAUSAGE] 12,000 | 치즈 뿌리꼬 현미베이크[CHEESE PPURICCO BROWN RICE BAKE] 13,500 | 카레 뿌리꼬 현미베이크[CURRY PPURICCO BROWN RICE BAKE] 13,500 | 오븐닭목",16
277,얌샘김밥 성수역점,02-6013-3378,기타, 연무장5가길 7 1층 107호,매일 07:30~21:00 | 토요일 10:00~16:00 | 일요일 휴무,https://yumsem.com/b2c/,"프리미트김밥 5,800 | 프리미트비빔밥 7,500 | 얌샘김밥 3,200 | 날치알톡톡김밥 4,500 | 참치샐러드김밥 4,300 | 라돈모다기 8,500 | 차돌된장찌개비빔밥 7,500 | 돈까스김치오므라이스 8,500 | 치즈돈까스 9,000 | 바싹불고기덮밥 7,500 | 낙지듬뿍덮밥 9,000",16
278,스타벅스 성수점,,카페, 아차산로 104,목요일 07:00~22:00 | 금요일 07:00~22:00 | 토요일 08:00~21:00 | 일요일 08:00~21:00 | 월요일 07:00~22:00 | 화요일 07:00~22:00 | 수요일 07:00~22:00,http://www.starbucks.co.kr/,"카페 아메리카노 4,500 | 카페 라떼 5,000 | 스타벅스 돌체 라떼 5,900 | 카라멜 마키아또 5,900 | 카푸치노 5,000 | 카페 모카 5,500 | 화이트 초콜릿 모카 5,900 | 콜드 브루 4,900 | 자몽 허니 블랙 티 5,700 | 아이스 자몽 허니 블랙 티 5,700 | 망고 바나나 블렌디드 6,300 | 에스프레소 프라푸치노 5,500 | 자바 칩 프라푸치노 6,300",16
279,장맛손칼국수,02-462-4389,한식, 광나루로 290 장맛손칼국수,일요일 휴무 | 평일 10:30~21:30 평일 Break time 15:00-16:00 | 토요일 10:30~16:00,,"칼국수 7,000 | 만둣국 7,000 | 찐만두 7,000 | 칼제비 7,000 | 수제비 7,000 | 콩국수 8,000 | 보쌈 소 26,000 | 보쌈 중 31,000 | 보쌈 대 36,000",15
280,독도참치 성수점,02-497-3731,한식, 아차산로 88,,http://www.edokdo.co.kr/,"기본 세트 28,000",15
281,맘스터치 성수역점,02-467-3880,기타, 성수이로20길 3 103호,매일 10:30~22:30 주문마감 22시 10분,,텍사스바베큐치킨버거 변동가격(업주문의) | 싸이플렉스버거 변동가격(업주문의) | 언빌리버블버거 변동가격(업주문의) | 인크레더블버거 변동가격(업주문의) | 화이트갈릭버거 변동가격(업주문의) | 딥치즈버거 변동가격(업주문의) | 싸이버거 변동가격(업주문의) | 디럭스불고기버거 변동가격(업주문의) | 새우불고기버거 변동가격(업주문의) | 바삭크림치즈볼 변동가격(업주문의) | 코울슬로 변동가격(업주문의) | 콘샐러드 변동가격(업주문의) | 랜치소스 변동가격(업주문의) | 케이준양념감자 변동가격(업주문의),14
282,이탈리안 누들,02-468-0468,양식, 아차산로 126 더리브세종타워 B101호,평일 11:30~15:00 | 토요일 11:00~15:00 매주 일요일 휴무 | 평일 17:30~21:30,,"하우스 샐러드 7,000 | 후레쉬 모짜렐라, 토마토 샐러드 15,000 | 신선한 그린 샐러드 13,000 | 토마토 파스타 8,500 | 홍합, 조개 매콤한 토마토 파스타 10,000 | 라구 볼로네제 파스타 12,000 | 베이컨, 버섯, 매콤한 토마토 파스타 13,000 | 해산물 토마토 파스타 14,000 | 해산물 얼큰 해장 파스타 15,000 | 후레쉬 모짜렐라, 베이컨, 토마토소스의 페투치니 18,000 | 베이컨, 버섯 크림 파스타 10,000 | 까르보나라 / 파르미지아노 레지아노 13,000 | 해산물크림파스타 14,000 | 닭가슴살 버섯 로제 파스타 10,000 | 진한치즈소스의 매콤한 투움바 페투치니 16,000 | 마늘, 양파로 맛을 낸 오일 파스타 8,500",12
283,올드너티,010-5515-6622,카페/디저트, 광나루로2길 23-1 1층,,https://www.instagram.com/oldnutty_cafe,"올드너티 6,000",12
284,MYC CAFE,070-4759-6759,카페/디저트, 연무장길 13 1층,매일 10:30~20:00 | 월요일 휴무,http://instagram.com/_myc.cafe_,"아메리카노 4,500 | 카페라떼 5,000 | 히비스레몬에이드 5,500 | 복자주스 6,000 | 참외주스 6,000 | 시나몬크림프레소 4,000",12
285,티바두마리치킨 성수점,02-499-4442,기타, 성수일로8길 47,매일 10:00~02:00 매주 월요일 휴무,http://www.tiba.co.kr/,"양심치킨(안심살) 16,000 | 국물떡볶이 5,000 | 양파드레싱 4,000 | 파채+소스 2,500 | EQ양념치킨 +마늘간장 22,000 | 스윗커리+후라이드 23,000 | 스윗커리+양념또는간장 24,000 | 스윗커리+땡초갈릭또는치즈스노우 26,000 | 치즈스노우퀸+후라이드 23,000 | 땡초갈릭+후라이드 23,000 | 치즈스노우퀸+땡초갈릭 26,000 | 순살후라이드2마리 20,000 | 순살후라이드+순살양념 21,000 | 순살후라이드+순살간장 21,000 | 순살양념+순살간장 22,000 | 후라이드치킨 14,000 | EQ양념치킨 15,000 | 마늘간장치킨 15,000 | 후라잉불닭 16,000",11
286,여기가좋겠네,02-465-9498,펍," 연무장19길 4 ,",매일 11:00~22:00 * 일요일은 점심 이후 오픈,,"순대술국 8,000 | 두부김치 8,000 | 모듬전 7,000 | 순대국밥 7,000 | 닭도리탕 20,000 | 머리고기 7,000 | 오징어무침 10,000 | 골뱅이무침 12,000 | 뼈없는닭발 8,000 | 장어구이 12,000 | 제육볶음 8,000 | 머리고기+순대 10,000 | 꼼장어구이 12,000 | 닭곰탕 7,000 | 대구대굴팍찌개 12,000 | 조기찌개 10,000 | 동태찌개 6,000 | 야채곱창볶음 7,000 | 야채순대볶음 7,000 | 족발볶음 12,000 | 찰보리냉면 6,000 | 찰보리비빔냉면 6,500",11
287,소안도풍경,02-461-7773,한식, 아차산로 126 더리브세종타워 B102호,매일 11:00~22:00 일요일 휴무,,"보리굴비 정식(점심) 30,000 | 전복갈비찜 정식(점심) 33,000 | 한상차림 변동가격(업주문의) | 메뉴판 변동가격(업주문의)",11
288,기소야 성수점,02-2088-8159,일식, 아차산로 126 더 리브 세종타워 b104호 기소야 성수점,평일 11:00~20:30 오후3시~5시 브레이크타임 | 토요일 11:00~15:00 공휴일휴무,https://blog.naver.com/kisoyass,"김치우동정식 12,000",10
289,성수차이나,02-462-3377,중식, 아차산로7길 20,매일 10:30~23:00 주말영업은 9시까지입니다.,,"짜장면 5,000",10
290,태양각,02-467-0231,중식, 아차산로7길 19 2층,매일 11:00~22:00,,,10
291,에어링.,02-464-4044,펍, 연무장9길 8 1층,,https://www.instagram.com/airing.seongsu,"glass natural wine 15,000 | brewing coffee 7,000 | cold brew 6,500 | cold brew with milk 7,000",8
292,밥플러스 성수역점,02-6953-5377,한식, 연무장5가길 25 SkV1타워 2층,평일 11:00~14:00 중식 운영시간 | 평일 17:50~19:30 석식 운영시간,,"식권 7,000",7
293,Semmel,010-5407-3434,카페/디저트, 성수이로 148 1층 semmel,평일 08:00~19:00,http://instagram.com/se_mmel_,"바게트 2,500 | 화이트식빵 2,800 | 밤식빵 4,200 | 대파바게트 6,000 | 모카번 2,800 | 연유모카바게트 4,500",6
294,슈퍼오리,02-462-5252,펍, 아차산로7길 43 1층,평일 11:00~21:00 | 주말 13:00~20:00 | 공휴일 13:00~20:00,http://instagram.com/superori__,"와인 변동가격(업주문의) | 치즈 박스 20,000",5
295,매운양갈비,010-6775-6789,중식, 동일로18길 47 1층 매운양갈비,매일 15:00~03:00 연중무휴,https://blog.naver.com/sangsoo2252,"매운양갈비 16,000 | 닭발 15,000 | 오징어구이 15,000 | 야채구이 5,000 | 가리비구이 16,000",4
296,김앤밥,02-466-8077,"['분식', '김밥']", 광나루로 291,매일 07:30~19:00,,"새우 볶음밥 5,500 | 옛날김밥 3,000 | 청양고추김밥 3,500 | 계란김밥 4,000 | 참치김밥 4,000 | 치즈김밥 3,500 | 멸치김밥 3,500 | 소고기김밥 4,500 | 라면 3,000 | 계란라면 3,500 | 떡라면 3,500 | 치즈라면 3,500 | 떡&계란라면 4,000",3
297,CLASKA,02-6388-8318,카페/디저트, 연무장15길 11,,,"브루잉 커피 5,000 | 아메리카노 4,000 | 콜드브루 4,300 | 카페라떼 4,500 | 바닐라 라떼 5,000",3
298,쉭앤칙카페 본점,070-8282-1314,카페/디저트, 아차산로13길 37 1층,금요일 08:00~20:00 | 목요일 08:00~20:00 | 수요일 08:00~20:00 | 화요일 08:00~20:00 | 월요일 08:00~20:00 | 토요일 10:00~17:00 | 일요일 휴무,http://instagram.com/chicandchick_cafe,"아메리카노 3,000 | 1리터커피 5,500 | 요거트 스무디 4,800 | 요거트딸기 스무디 5,000 | 자바칩 프라프치노 5,000 | 그린티 프라프치노 5,000 | 수제 베리베리 에이드 5,000 | 수제 패션후르츠 에이드 5,000 | 유자 스무디 4,800 | 생 자몽 에이드 5,000 | 생 레몬 에이드 5,000 | 초코/말차 라떼 3,700 | 생과일 주스 5,000 | 스콘 2,800 | 샌드위치 5,000 | 샐러드 7,000",2
299,오키초밥,02-499-0757,일식, 아차산로13길 37 1층 오키초밥,금요일 11:30~22:00 브레이크타임 14:00~ 16:30 까지 | 목요일 11:30~22:00 브레이크타임 14:00~ 16:30 까지 | 수요일 11:30~22:00 브레이크타임 14:00~ 16:30 까지 | 화요일 11:30~22:00 브레이크타임 14:00~ 16:30 까지 | 월요일 11:30~22:00 브레이크타임 14:00~ 16:30 까지 | 토요일 휴무 영업시간 변동될수있습니다 | 일요일 휴무,,"모듬초밥 16,000 | 특초밥 22,000 | 연어초밥 18,000 | 흰살초밥 18,000",0
